txn_id,user_id,amount,payment_method,failure_code,failure_stage,retry_count,timestamp,do_not_contact,customer_segment,days_overdue
txn_4012a39df7,user_5719f68d,1940.04,mandate,mandate_lapsed,subscription_failure,0,2026-08-12T00:55:31.308780,False,regular,
txn_463f35c9a2,user_d96af796,431.42,upi,invoice_unpaid,receivable_overdue,0,2026-08-27T11:55:31.308828,True,regular,78.0
txn_7d7eeb9fb5,user_e28dc910,1918.44,netbanking,bank_decline,payment_failure,0,2026-08-10T03:55:31.308847,False,regular,
txn_7541621b4f,user_af16ef66,1878.45,netbanking,bank_decline,payment_failure,0,2026-09-01T01:55:31.308862,False,regular,
txn_60cca01f5d,user_b8ae4b19,537.91,mandate,insufficient_funds,payment_failure,0,2026-08-18T00:55:31.308873,False,regular,
txn_6f939dc124,user_6e850b73,5023.45,netbanking,bank_decline,payment_failure,0,2026-08-16T21:55:31.308909,False,regular,
txn_4921dc0e47,user_9b38aeda,821.38,upi,insufficient_funds,payment_failure,0,2026-08-08T00:55:31.308928,False,regular,
txn_6ce2e65a17,user_4e7483b2,22921.01,netbanking,gateway_timeout,checkout_abandon,0,2026-08-12T06:55:31.308963,False,high_value,
txn_741b0c1b5e,user_3467ff8b,1473.54,mandate,mandate_lapsed,subscription_failure,0,2026-08-22T19:55:31.308983,False,regular,
txn_d9bc50d98a,user_6e3cd2e6,6773.24,mandate,insufficient_funds,subscription_failure,0,2026-08-11T02:55:31.308998,False,regular,
txn_f8aef64c58,user_9bf95c49,1844.67,netbanking,insufficient_funds,payment_failure,0,2026-08-28T07:55:31.309010,False,regular,
txn_31e99a3cdb,user_5c4fc699,13864.33,netbanking,invoice_unpaid,receivable_overdue,0,2026-08-11T09:55:31.309022,False,high_value,55.0
txn_0c7697a298,user_88b58930,4173.31,card,insufficient_funds,payment_failure,0,2026-08-11T02:55:31.309034,False,regular,
txn_1e6a94642a,user_a3529722,4850.99,mandate,insufficient_funds,payment_failure,0,2026-08-22T08:55:31.309046,False,regular,
txn_2fbc1dffd1,user_f81c83fa,288.55,card,gateway_timeout,checkout_abandon,0,2026-08-13T10:55:31.309081,False,regular,
txn_fa11370795,user_c7cfd90b,1432.63,mandate,mandate_lapsed,subscription_failure,0,2026-09-03T04:55:31.309110,False,regular,
txn_ae54a26ae7,user_c006a183,46329.46,netbanking,bank_decline,payment_failure,0,2026-08-08T07:55:31.309141,False,high_value,
txn_409cb89466,user_37a1a3a4,48046.04,card,insufficient_funds,payment_failure,0,2026-08-15T17:55:31.309188,False,high_value,
txn_e0a7f0f773,user_64f9af5c,6491.84,upi,insufficient_funds,payment_failure,0,2026-09-02T20:55:31.309214,False,regular,
txn_f9b5dc595d,user_658f648d,738.86,upi,invoice_unpaid,receivable_overdue,0,2026-08-30T06:55:31.309232,False,regular,61.0
txn_7d734c9a1c,user_6b576a7b,7721.03,upi,bank_decline,payment_failure,0,2026-08-12T18:55:31.309245,False,regular,
txn_1180ab84c4,user_96aacc63,3720.59,mandate,insufficient_funds,subscription_failure,0,2026-08-27T20:55:31.309256,True,regular,
txn_1fe81e001d,user_365d3b59,255.09,card,bank_decline,payment_failure,0,2026-08-28T01:55:31.309266,False,regular,
txn_1af35f8d22,user_0740f7d2,5417.03,upi,invoice_unpaid,receivable_overdue,0,2026-08-17T23:55:31.309276,False,regular,74.0
txn_3f05a159ab,user_0bca09e2,934.74,mandate,bank_decline,payment_failure,0,2026-08-23T14:55:31.309288,False,regular,
txn_96d55a8a94,user_85a89aa1,5239.2,card,invoice_unpaid,receivable_overdue,0,2026-08-22T04:55:31.309298,False,regular,44.0
txn_a52cc3e7c6,user_7a1454cb,1292.42,upi,insufficient_funds,payment_failure,0,2026-08-26T13:55:31.309309,False,regular,
txn_507606cc4c,user_80973e5b,4491.54,card,invoice_unpaid,receivable_overdue,0,2026-08-14T10:55:31.309342,False,regular,2.0
txn_44586377ce,user_7d702a9c,28396.44,upi,invoice_unpaid,receivable_overdue,0,2026-08-07T15:55:31.309360,False,high_value,8.0
txn_faf719bf18,user_4f4b2cac,6323.01,netbanking,insufficient_funds,payment_failure,0,2026-08-21T05:55:31.309373,False,regular,
txn_dd3cc7ab4f,user_df8d23ab,1406.42,netbanking,invoice_unpaid,receivable_overdue,0,2026-08-29T02:55:31.309383,False,regular,75.0
txn_9df74de4fe,user_1425e872,28024.64,upi,insufficient_funds,payment_failure,0,2026-09-02T11:55:31.309394,False,high_value,
txn_664a5274b9,user_f75ef5f0,2033.59,card,bank_decline,payment_failure,0,2026-08-04T09:55:31.309404,False,regular,
txn_8c9c011298,user_2cbfa23e,4751.64,netbanking,user_dropped,checkout_abandon,0,2026-08-05T19:55:31.309415,False,regular,
txn_0f5013f46f,user_285cf196,5438.18,mandate,mandate_lapsed,subscription_failure,0,2026-08-25T13:55:31.309425,False,regular,
txn_d623b1d135,user_9dedf7de,7986.94,mandate,mandate_lapsed,subscription_failure,0,2026-09-01T01:55:31.309456,False,regular,
txn_2a4da35885,user_29b9b927,735.57,upi,otp_timeout,checkout_abandon,0,2026-08-23T18:55:31.309473,False,regular,
txn_46b8ad7b74,user_ea5ee725,7899.42,card,invoice_unpaid,receivable_overdue,0,2026-08-13T10:55:31.309513,False,regular,39.0
txn_aadfd69f81,user_44b04fe2,7138.76,upi,issuer_timeout,payment_failure,0,2026-08-26T18:55:31.309566,False,regular,
txn_667119dcb4,user_904113ab,2258.07,mandate,mandate_lapsed,subscription_failure,0,2026-08-19T19:55:31.309579,False,regular,
txn_0a85ff2033,user_9e2c3203,2357.11,card,invoice_unpaid,receivable_overdue,0,2026-08-24T23:55:31.309594,False,regular,82.0
txn_67284a375a,user_f0b09a50,4574.07,card,bank_decline,payment_failure,0,2026-09-01T05:55:31.309617,False,regular,
txn_29b659fde7,user_1350779d,1354.13,upi,gateway_timeout,checkout_abandon,0,2026-09-02T18:55:31.309628,False,regular,
txn_5e5df11b21,user_3a459eac,23027.63,upi,invoice_unpaid,receivable_overdue,0,2026-08-14T00:55:31.309639,False,high_value,46.0
txn_383b3fb358,user_d9e282a8,1404.52,upi,invoice_unpaid,receivable_overdue,0,2026-08-07T22:55:31.309650,False,regular,23.0
txn_b5e24751bc,user_cb836f96,7459.36,upi,card_expired,payment_failure,0,2026-08-26T22:55:31.309668,False,regular,
txn_d9309439f1,user_afa7282e,1933.98,mandate,issuer_timeout,payment_failure,0,2026-08-23T18:55:31.309687,False,regular,
txn_6a6f3e6a15,user_22255b43,3307.03,netbanking,invoice_unpaid,receivable_overdue,0,2026-08-08T01:55:31.309745,False,regular,36.0
txn_8f305a53f0,user_fc0b5857,2781.97,card,user_dropped,checkout_abandon,0,2026-08-31T19:55:31.309780,False,regular,
txn_11efbb2fac,user_abf82800,26251.24,netbanking,invoice_unpaid,receivable_overdue,0,2026-08-21T08:55:31.309825,False,high_value,66.0
txn_1441080886,user_d79fea9a,26313.98,upi,invoice_unpaid,receivable_overdue,0,2026-08-23T14:55:31.309875,False,high_value,9.0
txn_45f9482e63,user_cf81380a,1171.08,netbanking,invoice_unpaid,receivable_overdue,0,2026-08-18T18:55:31.309895,False,regular,86.0
txn_d8d4e84698,user_9aa0cbcd,25658.33,mandate,otp_timeout,checkout_abandon,0,2026-08-13T04:55:31.309907,False,high_value,
txn_611c11c2d3,user_c4abb744,202.17,mandate,mandate_lapsed,subscription_failure,0,2026-08-25T21:55:31.309919,False,regular,
txn_dfc0441d36,user_66f50e3a,3647.85,upi,user_dropped,checkout_abandon,0,2026-08-18T12:55:31.309932,False,regular,
txn_e47111b18a,user_7cbfa9ff,2412.53,netbanking,invoice_unpaid,receivable_overdue,0,2026-09-01T20:55:31.309956,False,regular,87.0
txn_f44b2abd40,user_4e41ea48,49324.33,card,invoice_unpaid,receivable_overdue,0,2026-08-20T14:55:31.309992,False,high_value,81.0
txn_93ef803e13,user_26bb8a02,1350.06,mandate,insufficient_funds,subscription_failure,0,2026-08-13T03:55:31.310029,False,regular,
txn_028742102e,user_b7775c67,1905.96,mandate,invoice_unpaid,receivable_overdue,0,2026-09-02T10:55:31.310058,False,regular,32.0
txn_481513ada5,user_1b98708f,4341.83,netbanking,insufficient_funds,payment_failure,0,2026-08-04T13:55:31.310073,False,regular,
txn_01b95eabc4,user_1f5850b0,4472.4,mandate,insufficient_funds,subscription_failure,0,2026-08-06T22:55:31.310084,False,regular,
txn_7f94bce5fa,user_2324384d,5172.76,mandate,otp_timeout,checkout_abandon,0,2026-08-14T20:55:31.310095,False,regular,
txn_030ff3546f,user_d4c0d1eb,2692.73,card,insufficient_funds,payment_failure,0,2026-08-30T23:55:31.310106,False,regular,
txn_0005b6e0ee,user_d31d846c,25118.77,mandate,card_expired,subscription_failure,0,2026-08-17T13:55:31.310117,False,high_value,
txn_8d13b9f61d,user_07d2b8c4,4754.82,card,bank_decline,payment_failure,0,2026-08-07T09:55:31.310150,False,regular,
txn_fa30c29da6,user_38f50a2c,6855.89,mandate,insufficient_funds,payment_failure,0,2026-08-17T04:55:31.310165,False,regular,
txn_fbcad82302,user_d64103ab,2327.9,mandate,bank_decline,subscription_failure,0,2026-08-20T03:55:31.310183,False,regular,
txn_cf1a56b0bd,user_b7a38465,6754.94,mandate,card_expired,subscription_failure,0,2026-08-05T23:55:31.310224,False,regular,
txn_3c239ac37e,user_23bbdb83,5370.4,card,gateway_timeout,checkout_abandon,0,2026-08-14T14:55:31.310243,False,regular,
txn_fbcaf80e1c,user_9435bb1f,1849.95,netbanking,otp_timeout,checkout_abandon,0,2026-08-24T15:55:31.310258,False,regular,
txn_ec18490296,user_f83172da,3867.39,card,invoice_unpaid,receivable_overdue,0,2026-08-04T16:55:31.310282,False,regular,29.0
txn_44c324e947,user_b61012d4,7605.97,mandate,card_expired,subscription_failure,0,2026-08-29T03:55:31.310293,False,regular,
txn_cfc3631a81,user_22fdd807,47804.85,mandate,bank_decline,payment_failure,0,2026-08-12T19:55:31.310304,False,high_value,
txn_ededb19851,user_8ef50ce8,1092.36,upi,bank_decline,payment_failure,0,2026-08-04T18:55:31.310314,False,regular,
txn_a4d5f3114c,user_25b0b111,7672.75,mandate,insufficient_funds,payment_failure,0,2026-08-04T05:55:31.310324,False,regular,
txn_8abd876acc,user_c7e841f9,5637.11,netbanking,gateway_timeout,checkout_abandon,0,2026-08-07T06:55:31.310340,False,regular,
txn_417ecf83ad,user_178fa4f3,2907.19,mandate,issuer_timeout,payment_failure,0,2026-08-13T16:55:31.310360,True,regular,
txn_5b2c47b0d9,user_84b5f21d,4022.57,mandate,mandate_lapsed,subscription_failure,0,2026-08-21T16:55:31.310394,False,regular,
txn_ee8649ba68,user_41955e3f,5922.6,netbanking,invoice_unpaid,receivable_overdue,0,2026-08-15T10:55:31.310430,False,regular,62.0
txn_def9c9e004,user_7338323f,2113.86,card,invoice_unpaid,receivable_overdue,0,2026-08-26T13:55:31.310448,False,regular,32.0
txn_45e2aa6434,user_000d8091,4054.59,netbanking,user_dropped,checkout_abandon,0,2026-08-29T12:55:31.310462,False,regular,
txn_566d140aa4,user_d6b27924,5668.23,mandate,mandate_lapsed,subscription_failure,0,2026-08-26T10:55:31.310473,True,regular,
txn_d2c5bed851,user_f10097c3,4009.91,upi,invoice_unpaid,receivable_overdue,0,2026-08-12T12:55:31.310489,False,regular,83.0
txn_f4c972d97f,user_781c7576,3353.33,upi,otp_timeout,checkout_abandon,0,2026-08-25T06:55:31.310507,False,regular,
txn_5b1b0ae020,user_dd634856,6017.3,netbanking,user_dropped,checkout_abandon,0,2026-08-23T05:55:31.310527,False,regular,
txn_0cefcf8526,user_fabaad33,2660.27,upi,insufficient_funds,payment_failure,0,2026-08-28T21:55:31.310539,False,regular,
txn_b468b9e2d5,user_61af2f26,4853.97,card,bank_decline,payment_failure,0,2026-08-08T21:55:31.310561,False,regular,
txn_69fe08c43f,user_091caba2,1186.35,card,insufficient_funds,payment_failure,0,2026-09-02T10:55:31.310598,False,regular,
txn_dec7dbb6f3,user_dceae11a,999.18,card,invoice_unpaid,receivable_overdue,0,2026-08-16T18:55:31.310615,False,regular,61.0
txn_afc6e46345,user_795991b9,6920.44,card,issuer_timeout,payment_failure,0,2026-08-09T01:55:31.310633,False,regular,
txn_a3c44e06fc,user_473a4d84,14266.15,netbanking,bank_decline,payment_failure,0,2026-09-01T20:55:31.310654,False,high_value,
txn_3278427fe9,user_7912bb84,1959.36,mandate,insufficient_funds,subscription_failure,0,2026-08-18T15:55:31.310666,False,regular,
txn_95fac156fc,user_a8354686,2580.97,card,gateway_timeout,checkout_abandon,0,2026-08-15T04:55:31.310676,False,regular,
txn_d4ede0aadd,user_c33f023f,832.26,mandate,insufficient_funds,subscription_failure,0,2026-08-27T22:55:31.310687,False,regular,
txn_8cc088e9c2,user_e8b687f4,3864.32,card,bank_decline,payment_failure,0,2026-08-27T18:55:31.310696,False,regular,
txn_602659ac0f,user_2ad6ffd0,7405.51,mandate,insufficient_funds,subscription_failure,0,2026-08-09T07:55:31.310706,False,regular,
txn_9638c48b24,user_b06d4e7e,17441.77,upi,invoice_unpaid,receivable_overdue,0,2026-08-05T19:55:31.310745,False,high_value,19.0
txn_a9052d0fca,user_ff06aafa,4638.81,netbanking,insufficient_funds,payment_failure,0,2026-08-21T00:55:31.310784,False,regular,
txn_165d397e0a,user_71e27234,4410.86,mandate,bank_decline,payment_failure,0,2026-09-01T08:55:31.310801,True,regular,
txn_8fd28bb12e,user_07dc49a9,911.35,card,otp_timeout,checkout_abandon,0,2026-08-10T06:55:31.310833,False,regular,
txn_2d3af3a376,user_471c8019,29795.96,mandate,user_dropped,checkout_abandon,0,2026-08-05T19:55:31.310851,False,high_value,
txn_ff708bf128,user_4b2115f2,910.69,netbanking,user_dropped,checkout_abandon,0,2026-08-21T17:55:31.310863,False,regular,
txn_b5f9333f4b,user_48d65dbd,4063.66,mandate,insufficient_funds,payment_failure,0,2026-08-08T10:55:31.310913,True,regular,
txn_175b641187,user_5d59cf05,40446.24,card,insufficient_funds,payment_failure,0,2026-08-13T10:55:31.310935,False,high_value,
txn_4afa0cee3a,user_5b65023f,4087.25,mandate,bank_decline,payment_failure,0,2026-08-11T02:55:31.310950,False,regular,
txn_0ca4f519a8,user_4f898517,5645.35,card,gateway_timeout,checkout_abandon,0,2026-09-03T07:55:31.310962,False,regular,
txn_725fb0c9a6,user_5d94b281,4506.56,card,insufficient_funds,payment_failure,0,2026-08-28T00:55:31.310973,False,regular,
txn_1e68377e7e,user_0867b985,5788.51,netbanking,issuer_timeout,payment_failure,0,2026-08-21T12:55:31.311030,False,regular,
txn_a4b7e510da,user_cf97fd32,7389.57,upi,bank_decline,payment_failure,0,2026-08-08T01:55:31.311047,False,regular,
txn_c668748c68,user_3523d417,4159.35,mandate,insufficient_funds,subscription_failure,0,2026-08-09T03:55:31.311058,False,regular,
txn_62ed8f843f,user_005ac151,4018.19,upi,bank_decline,payment_failure,0,2026-08-20T10:55:31.311068,False,regular,
txn_7868ce389f,user_6d975581,7475.25,upi,card_expired,payment_failure,0,2026-08-12T20:55:31.311079,False,regular,
txn_802cdeff5d,user_7dbafc41,39276.87,mandate,card_expired,payment_failure,0,2026-08-22T06:55:31.311089,False,high_value,
txn_afeb99adc8,user_e38926af,1183.72,mandate,mandate_lapsed,subscription_failure,0,2026-08-04T09:55:31.311099,False,regular,
txn_4be9b90d90,user_f50b22d5,46237.64,card,issuer_timeout,payment_failure,0,2026-08-11T23:55:31.311109,False,high_value,
txn_d88452a1d2,user_024d5ac8,7758.79,mandate,mandate_lapsed,subscription_failure,0,2026-08-24T08:55:31.311119,False,regular,
txn_77629692b6,user_2e52a3c8,6901.87,mandate,bank_decline,subscription_failure,0,2026-08-22T17:55:31.311130,False,regular,
txn_c3335b934a,user_a918d672,5015.18,upi,invoice_unpaid,receivable_overdue,0,2026-08-14T06:55:31.311182,False,regular,37.0
txn_7b53442b95,user_7624fbb0,34616.78,mandate,insufficient_funds,subscription_failure,0,2026-08-08T00:55:31.311199,False,high_value,
txn_622304375b,user_0edded6b,41437.23,mandate,bank_decline,subscription_failure,0,2026-08-25T16:55:31.311210,False,high_value,
txn_2c937bad9e,user_9130a08a,6380.65,upi,bank_decline,payment_failure,0,2026-08-30T01:55:31.311244,False,regular,
txn_64ac8749c6,user_09c6ed7c,4747.63,upi,card_expired,payment_failure,0,2026-08-20T07:55:31.311261,False,regular,
txn_878839e519,user_2b2971cb,7228.43,upi,insufficient_funds,payment_failure,0,2026-09-01T13:55:31.311274,False,regular,
txn_4c35b66eee,user_d4fc3c1a,5583.45,mandate,invoice_unpaid,receivable_overdue,0,2026-08-07T18:55:31.311284,False,regular,26.0
txn_557969485d,user_c1ac2e35,2998.88,netbanking,invoice_unpaid,receivable_overdue,0,2026-08-12T18:55:31.311295,False,regular,3.0
txn_d8f0c65f4a,user_5cde591c,5548.24,mandate,mandate_lapsed,subscription_failure,0,2026-08-12T02:55:31.311305,False,regular,
txn_554c880fa2,user_8a832c07,6249.78,mandate,card_expired,subscription_failure,0,2026-08-27T08:55:31.311316,False,regular,
txn_3bfa788621,user_6b9dda4d,6092.5,upi,insufficient_funds,payment_failure,0,2026-08-15T00:55:31.311346,False,regular,
txn_8875b7cb8a,user_6ef0ccc5,4719.68,mandate,mandate_lapsed,subscription_failure,0,2026-08-11T23:55:31.311364,False,regular,
txn_a9166ee8ba,user_a9e82a22,13550.58,netbanking,card_expired,payment_failure,0,2026-08-18T11:55:31.311376,False,high_value,
txn_f6706bdbb6,user_0c652a81,3957.41,netbanking,invoice_unpaid,receivable_overdue,0,2026-08-11T17:55:31.311393,False,regular,15.0
txn_059d4a0888,user_23fb9df2,5474.33,mandate,card_expired,payment_failure,0,2026-08-04T10:55:31.311413,False,regular,
txn_3804a7cfba,user_acfc694d,3746.33,mandate,mandate_lapsed,subscription_failure,0,2026-08-13T04:55:31.311426,False,regular,
txn_65a12d9882,user_a5f07edb,1044.1,upi,gateway_timeout,checkout_abandon,0,2026-08-20T03:55:31.311436,False,regular,
txn_8473a832ea,user_b4a96315,5250.69,mandate,invoice_unpaid,receivable_overdue,0,2026-08-05T05:55:31.311446,False,regular,39.0
txn_f46ebae9ca,user_8cd778bf,49827.95,card,insufficient_funds,payment_failure,0,2026-08-31T20:55:31.311457,False,high_value,
txn_a32bc3bdf3,user_f9b43f15,5995.49,mandate,bank_decline,payment_failure,0,2026-08-16T04:55:31.311466,False,regular,
txn_1de345b2ba,user_6527a208,5001.09,netbanking,invoice_unpaid,receivable_overdue,0,2026-09-02T05:55:31.311509,False,regular,48.0
txn_bed5f2cc3f,user_1336f49c,7850.24,netbanking,otp_timeout,checkout_abandon,0,2026-08-17T07:55:31.311539,False,regular,
txn_a8f7db55cf,user_40e37021,43616.55,mandate,insufficient_funds,payment_failure,0,2026-09-01T06:55:31.311554,False,high_value,
txn_f9a6c3a4da,user_5416f694,22007.05,mandate,bank_decline,subscription_failure,0,2026-08-30T09:55:31.311565,False,high_value,
txn_a56a94f16d,user_c1950751,6540.81,upi,invoice_unpaid,receivable_overdue,0,2026-08-24T23:55:31.311598,True,regular,77.0
txn_9604dfec3a,user_ac13f37a,18527.23,upi,invoice_unpaid,receivable_overdue,0,2026-08-31T06:55:31.311616,False,high_value,4.0
txn_c0b7c7887d,user_40297ac3,322.09,netbanking,card_expired,payment_failure,0,2026-09-02T23:55:31.311629,False,regular,
txn_3a4dfa0555,user_7cc7a72c,6267.53,card,user_dropped,checkout_abandon,0,2026-08-20T11:55:31.311647,False,regular,
txn_148a23f17e,user_948aa52c,5338.44,mandate,card_expired,subscription_failure,0,2026-08-25T13:55:31.311667,False,regular,
txn_742ee0882b,user_ba436b6d,3523.93,card,issuer_timeout,payment_failure,0,2026-08-19T05:55:31.311677,False,regular,
txn_1e99440577,user_d2dc0278,711.32,netbanking,insufficient_funds,payment_failure,0,2026-08-15T07:55:31.311732,False,regular,
txn_2f6f2e7e6a,user_3955fc20,2499.2,mandate,insufficient_funds,subscription_failure,0,2026-08-18T08:55:31.311753,False,regular,
txn_3d17cdd9ad,user_0c31a0f1,7045.11,mandate,mandate_lapsed,subscription_failure,0,2026-08-17T04:55:31.311766,False,regular,
txn_9379ce176d,user_1d40467b,6652.87,mandate,gateway_timeout,checkout_abandon,0,2026-08-21T04:55:31.311778,False,regular,
txn_a3d5e7e46e,user_44fe7d53,1389.58,mandate,user_dropped,checkout_abandon,0,2026-09-02T01:55:31.311801,False,regular,
txn_de3a251a54,user_4c95808e,6530.8,card,insufficient_funds,payment_failure,0,2026-08-16T10:55:31.311838,False,regular,
txn_fb0a5b6b2d,user_8fded52d,7539.81,mandate,insufficient_funds,subscription_failure,0,2026-08-21T04:55:31.311867,True,regular,
txn_0b5308a1b5,user_156adc90,29310.82,upi,insufficient_funds,payment_failure,0,2026-08-13T12:55:31.311883,False,high_value,
txn_c15d72037a,user_7181d307,6147.32,upi,issuer_timeout,payment_failure,0,2026-08-09T14:55:31.311895,False,regular,
txn_7d6324ce7d,user_8c8d4e40,5212.05,card,invoice_unpaid,receivable_overdue,0,2026-08-15T06:55:31.311906,False,regular,89.0
txn_3b7d2efca3,user_72ebe489,2849.63,card,card_expired,payment_failure,0,2026-08-29T23:55:31.311951,False,regular,
txn_613f59d5ba,user_d43d9b9c,438.13,upi,otp_timeout,checkout_abandon,0,2026-08-22T14:55:31.311973,False,regular,
txn_31b80ec3f4,user_4ed46c36,7541.98,card,insufficient_funds,payment_failure,0,2026-08-07T02:55:31.311999,False,regular,
txn_78829e166c,user_82941868,26610.3,mandate,mandate_lapsed,subscription_failure,0,2026-08-21T12:55:31.312011,False,high_value,
txn_f36833f60e,user_e61aa621,2891.35,card,otp_timeout,checkout_abandon,0,2026-08-25T06:55:31.312022,False,regular,
txn_d939438b38,user_1611987a,24600.67,card,user_dropped,checkout_abandon,0,2026-09-03T21:55:31.312032,False,high_value,
txn_639c33e0fe,user_bf864dbd,2758.35,card,insufficient_funds,payment_failure,0,2026-08-19T04:55:31.312080,False,regular,
txn_e84ca64f10,user_7512ced9,4557.04,netbanking,bank_decline,payment_failure,0,2026-09-01T15:55:31.312099,False,regular,
txn_fa73450dd6,user_d2c2d22a,6923.46,mandate,insufficient_funds,payment_failure,0,2026-08-16T15:55:31.312111,False,regular,
txn_81481f541b,user_956dbef0,21639.94,mandate,otp_timeout,checkout_abandon,0,2026-08-08T05:55:31.312123,False,high_value,
txn_24f1063d89,user_b4cc4ffb,4792.2,card,issuer_timeout,payment_failure,0,2026-08-22T18:55:31.312173,False,regular,
txn_7e5e666989,user_954609e3,34594.8,upi,card_expired,payment_failure,0,2026-08-06T16:55:31.312192,False,high_value,
txn_a2be27f0a2,user_ff24f090,12317.69,netbanking,invoice_unpaid,receivable_overdue,0,2026-08-28T22:55:31.312203,False,high_value,78.0
txn_73badd26a3,user_f090d5bc,5097.0,mandate,mandate_lapsed,subscription_failure,0,2026-08-20T09:55:31.312220,False,regular,
txn_eadf64a8c0,user_e573ac21,5154.33,netbanking,gateway_timeout,checkout_abandon,0,2026-08-07T07:55:31.312240,False,regular,
txn_1d0e3ebf01,user_0b97dbcd,6410.37,card,user_dropped,checkout_abandon,0,2026-08-23T11:55:31.312250,False,regular,
txn_bcb12399c9,user_452121dd,2438.2,card,otp_timeout,checkout_abandon,0,2026-08-15T08:55:31.312261,False,regular,
txn_9edf1b425e,user_64dea949,7186.84,mandate,user_dropped,checkout_abandon,0,2026-08-05T09:55:31.312272,False,regular,
txn_8c14858b5a,user_345b1ca0,10598.63,card,bank_decline,payment_failure,0,2026-08-09T17:55:31.312295,False,high_value,
txn_ec40ed86bd,user_20bbab71,37719.4,mandate,bank_decline,payment_failure,0,2026-08-18T11:55:31.312308,False,high_value,
txn_faf8ead226,user_357ce69b,6239.83,card,issuer_timeout,payment_failure,0,2026-08-09T07:55:31.312356,False,regular,
txn_f856741267,user_a0136374,2415.35,upi,insufficient_funds,payment_failure,0,2026-08-25T01:55:31.312378,False,regular,
txn_4a8c213d51,user_520c67a2,5647.14,mandate,insufficient_funds,payment_failure,0,2026-08-30T08:55:31.312399,False,regular,
txn_332979053e,user_f82dc162,2761.12,upi,bank_decline,payment_failure,0,2026-08-13T05:55:31.312410,False,regular,
txn_ed5fa90c9b,user_7f32f4be,5237.99,mandate,card_expired,subscription_failure,0,2026-08-21T11:55:31.312420,False,regular,
txn_82b205892a,user_23240664,7590.81,mandate,insufficient_funds,payment_failure,0,2026-08-28T20:55:31.312431,False,regular,
txn_280575938f,user_11e1b1e8,4158.98,card,insufficient_funds,payment_failure,0,2026-08-13T17:55:31.312441,False,regular,
txn_b576f3babd,user_f79f465c,15595.35,mandate,insufficient_funds,subscription_failure,0,2026-08-12T08:55:31.312485,False,high_value,
txn_1ba5680f9d,user_c04522d6,5474.63,upi,bank_decline,payment_failure,0,2026-08-20T08:55:31.312513,False,regular,
txn_c09f1a6cdd,user_67b7b96c,2612.85,mandate,insufficient_funds,subscription_failure,0,2026-08-09T12:55:31.312528,False,regular,
txn_15012df0e6,user_9fb4bee1,3635.66,netbanking,card_expired,payment_failure,0,2026-08-10T15:55:31.312562,False,regular,
txn_fd3111608f,user_9c1c2700,33395.26,netbanking,otp_timeout,checkout_abandon,0,2026-09-02T07:55:31.312579,False,high_value,
txn_3f3faaf91b,user_227a0828,4223.09,card,issuer_timeout,payment_failure,0,2026-08-26T01:55:31.312591,False,regular,
txn_5d106c20c5,user_2f746672,26373.41,upi,issuer_timeout,payment_failure,0,2026-08-08T13:55:31.312601,False,high_value,
txn_fc8369128d,user_3eec3ffb,3115.9,mandate,invoice_unpaid,receivable_overdue,0,2026-09-01T16:55:31.312612,True,regular,29.0
txn_9be33c101e,user_646dd916,6371.77,upi,invoice_unpaid,receivable_overdue,0,2026-09-02T18:55:31.312622,False,regular,61.0
txn_920016c200,user_2e526d28,239.96,card,card_expired,payment_failure,0,2026-09-03T19:55:31.312633,False,regular,
txn_15bb2ef943,user_a579a9b9,3500.39,netbanking,issuer_timeout,payment_failure,0,2026-08-27T18:55:31.312642,False,regular,
txn_656f7de15d,user_5115b5f4,688.9,mandate,bank_decline,payment_failure,0,2026-08-15T10:55:31.312659,True,regular,
txn_df0baa8956,user_5b306eb2,26027.6,netbanking,otp_timeout,checkout_abandon,0,2026-08-27T09:55:31.312680,False,high_value,
txn_b0f007f189,user_3ef37480,726.9,mandate,mandate_lapsed,subscription_failure,0,2026-08-18T10:55:31.312734,False,regular,
txn_1c13beaa57,user_a4bb2508,3866.05,mandate,invoice_unpaid,receivable_overdue,0,2026-08-23T19:55:31.312763,False,regular,3.0
txn_78631f01f0,user_b72faca2,1007.58,netbanking,insufficient_funds,payment_failure,0,2026-08-31T02:55:31.312779,False,regular,
txn_933a55ddd2,user_200adf55,5539.52,mandate,bank_decline,payment_failure,0,2026-08-14T22:55:31.312790,False,regular,
txn_fab969ab85,user_3c84eda4,2487.85,card,card_expired,payment_failure,0,2026-08-09T21:55:31.312800,False,regular,
txn_d43b9ff5b5,user_1a0dec80,6559.17,mandate,insufficient_funds,payment_failure,0,2026-08-27T02:55:31.312811,False,regular,
txn_bc0807a695,user_978a07c3,6952.23,netbanking,insufficient_funds,payment_failure,0,2026-08-27T00:55:31.312863,False,regular,
txn_f90ca99cc1,user_e57cec61,7659.53,netbanking,user_dropped,checkout_abandon,0,2026-08-29T12:55:31.312883,False,regular,
txn_e08d978156,user_a2f8b433,843.37,mandate,card_expired,payment_failure,0,2026-09-01T14:55:31.312918,False,regular,
txn_ddd919a75e,user_85957c31,823.54,netbanking,invoice_unpaid,receivable_overdue,0,2026-08-25T13:55:31.312937,False,regular,78.0
txn_f2c74bbe13,user_595583ab,5868.15,netbanking,bank_decline,payment_failure,0,2026-08-15T14:55:31.312969,False,regular,
txn_fd212b3d76,user_d3b5b8e4,34774.89,netbanking,invoice_unpaid,receivable_overdue,0,2026-08-18T04:55:31.312985,False,high_value,87.0
txn_738508a461,user_03717732,3616.75,upi,issuer_timeout,payment_failure,0,2026-09-01T20:55:31.312996,False,regular,
txn_7cce265f01,user_adb44448,4918.74,mandate,insufficient_funds,payment_failure,0,2026-08-04T16:55:31.313007,False,regular,
txn_e4a3f98e00,user_4acc7c20,3303.67,mandate,insufficient_funds,subscription_failure,0,2026-08-14T19:55:31.313017,False,regular,
txn_8e169cd100,user_889004c7,3217.5,card,card_expired,payment_failure,0,2026-08-26T19:55:31.313028,False,regular,
txn_687989fe5c,user_a3e2a282,7988.3,upi,bank_decline,payment_failure,0,2026-08-31T23:55:31.313038,False,regular,
txn_b62d980c88,user_1cbdb64b,883.77,netbanking,gateway_timeout,checkout_abandon,0,2026-08-13T16:55:31.313048,False,regular,
txn_cb7b09d7a6,user_83302816,1427.54,upi,otp_timeout,checkout_abandon,0,2026-08-09T16:55:31.313058,False,regular,
txn_968fefc1b7,user_6c5686dd,41194.88,card,insufficient_funds,payment_failure,0,2026-08-23T10:55:31.313068,False,high_value,
txn_738ec42524,user_e5903849,45137.47,card,gateway_timeout,checkout_abandon,0,2026-08-25T15:55:31.313097,False,high_value,
txn_e16d8cf7bf,user_a62e4531,6621.05,mandate,insufficient_funds,subscription_failure,0,2026-09-01T23:55:31.313113,False,regular,
txn_75911efa29,user_b57087c8,2886.22,mandate,insufficient_funds,subscription_failure,0,2026-08-06T10:55:31.313123,False,regular,
txn_6f4661a395,user_09006aaf,7302.56,card,issuer_timeout,payment_failure,0,2026-08-09T00:55:31.313134,False,regular,
txn_d763603096,user_0b83e08e,1957.67,netbanking,insufficient_funds,payment_failure,0,2026-08-08T01:55:31.313145,False,regular,
txn_110f7f6fbc,user_2591833a,20718.33,mandate,insufficient_funds,subscription_failure,0,2026-08-18T01:55:31.313155,False,high_value,
txn_2d30dc0cf5,user_4b7e860e,35666.12,netbanking,issuer_timeout,payment_failure,0,2026-08-08T09:55:31.313165,True,high_value,
txn_cc959e2322,user_a2bc3ec7,6212.97,netbanking,invoice_unpaid,receivable_overdue,0,2026-08-14T21:55:31.313175,False,regular,74.0
txn_5cb8112644,user_368f6ac4,2458.44,mandate,insufficient_funds,subscription_failure,0,2026-08-04T18:55:31.313192,False,regular,
txn_f06ba2366a,user_0f92da56,768.19,card,invoice_unpaid,receivable_overdue,0,2026-08-29T13:55:31.313232,False,regular,54.0
txn_022402444e,user_c84081b3,5802.23,netbanking,bank_decline,payment_failure,0,2026-08-22T23:55:31.313278,False,regular,
txn_fada2423d8,user_81e2b8b1,1154.67,mandate,otp_timeout,checkout_abandon,0,2026-08-27T23:55:31.313298,False,regular,
txn_5910522ee5,user_7ea428bf,2135.51,upi,insufficient_funds,payment_failure,0,2026-08-08T17:55:31.313320,False,regular,
txn_3206588157,user_f173f56c,49829.72,mandate,mandate_lapsed,subscription_failure,0,2026-08-20T12:55:31.313334,False,high_value,
txn_d05f7d56c7,user_9cd46fab,3765.4,upi,otp_timeout,checkout_abandon,0,2026-08-28T09:55:31.313344,False,regular,
txn_e81e9503e2,user_6dc302fb,5302.23,mandate,bank_decline,payment_failure,0,2026-08-25T10:55:31.313354,True,regular,
txn_5e81ebc2b8,user_6f89980f,3052.07,mandate,insufficient_funds,payment_failure,0,2026-08-24T02:55:31.313364,False,regular,
txn_1c9a607578,user_c560bf7b,772.55,mandate,otp_timeout,checkout_abandon,0,2026-08-10T10:55:31.313374,False,regular,
txn_d0ce5faa3c,user_70736f43,48952.5,mandate,invoice_unpaid,receivable_overdue,0,2026-08-23T17:55:31.313384,False,high_value,72.0
txn_f37b1bfb67,user_021728ea,4099.61,mandate,mandate_lapsed,subscription_failure,0,2026-09-03T02:55:31.313395,False,regular,
txn_25f098e1b7,user_f995322f,4927.83,upi,bank_decline,payment_failure,0,2026-08-24T08:55:31.313449,False,regular,
txn_be4f00d993,user_e73601db,4830.05,mandate,bank_decline,payment_failure,0,2026-08-12T09:55:31.313466,False,regular,
txn_6e7aba07ca,user_7792aff5,7842.2,netbanking,invoice_unpaid,receivable_overdue,0,2026-08-09T04:55:31.313477,False,regular,89.0
txn_b4ec10ed7f,user_4fac62dc,7781.04,upi,otp_timeout,checkout_abandon,0,2026-08-12T02:55:31.313495,False,regular,
txn_9433246d08,user_201ab2ad,6760.1,upi,bank_decline,payment_failure,0,2026-08-08T06:55:31.313505,False,regular,
txn_568cee65ba,user_032edc46,26523.18,mandate,user_dropped,checkout_abandon,0,2026-08-30T14:55:31.313534,False,high_value,
txn_19f9ca552a,user_b1abc42e,7006.98,card,user_dropped,checkout_abandon,0,2026-08-12T23:55:31.313555,False,regular,
txn_a74e0970ad,user_d11050a6,3138.23,upi,gateway_timeout,checkout_abandon,0,2026-08-20T10:55:31.313568,False,regular,
txn_459d1fd3f4,user_a88db1e4,5216.81,netbanking,card_expired,payment_failure,0,2026-08-15T12:55:31.313579,False,regular,
txn_791d541bf2,user_b2042c43,7787.7,netbanking,bank_decline,payment_failure,0,2026-08-10T18:55:31.313590,False,regular,
txn_5ba210e479,user_e407a25d,4570.8,mandate,insufficient_funds,subscription_failure,0,2026-08-05T04:55:31.313630,False,regular,
txn_b2ca243426,user_838583da,7844.25,netbanking,card_expired,payment_failure,0,2026-08-04T23:55:31.313674,False,regular,
txn_80a537b653,user_bbe93f54,3649.53,netbanking,card_expired,payment_failure,0,2026-08-11T12:55:31.313694,False,regular,
txn_59a32d94ab,user_b23bcd49,2317.65,card,invoice_unpaid,receivable_overdue,0,2026-08-15T04:55:31.313706,False,regular,76.0
txn_259a278443,user_a5aafb6d,2015.13,card,issuer_timeout,payment_failure,0,2026-08-21T17:55:31.313732,False,regular,
txn_ff8ac6c3b1,user_9c22035c,31114.26,upi,card_expired,payment_failure,0,2026-08-21T07:55:31.313762,False,high_value,
txn_da23b8829d,user_47b78e5e,48483.43,netbanking,invoice_unpaid,receivable_overdue,0,2026-08-25T07:55:31.313778,False,high_value,8.0
txn_b1a3863277,user_d4e9903d,5839.32,card,bank_decline,payment_failure,0,2026-08-05T22:55:31.313813,False,regular,
txn_dae702bd64,user_502b18c5,43119.7,mandate,invoice_unpaid,receivable_overdue,0,2026-08-29T04:55:31.313840,False,high_value,38.0
txn_81fd440d35,user_ee82a19f,49284.76,netbanking,bank_decline,payment_failure,0,2026-08-20T07:55:31.313859,False,high_value,
txn_1909fbde69,user_d0f5cab3,3849.56,upi,gateway_timeout,checkout_abandon,0,2026-08-10T00:55:31.313893,False,regular,
txn_248a62b475,user_6d6de358,308.86,mandate,insufficient_funds,subscription_failure,0,2026-08-24T18:55:31.313910,False,regular,
txn_2a20ec69fa,user_9036e2f8,7195.93,mandate,mandate_lapsed,subscription_failure,0,2026-08-08T14:55:31.313922,False,regular,
txn_6602d7eee0,user_68f699b0,13905.56,netbanking,card_expired,payment_failure,0,2026-08-05T20:55:31.313934,True,high_value,
txn_0ab43345bd,user_43a03e0a,2770.08,card,bank_decline,payment_failure,0,2026-08-26T07:55:31.313945,False,regular,
txn_0e040cd7d1,user_4772e056,1444.79,netbanking,card_expired,payment_failure,0,2026-08-13T00:55:31.313955,False,regular,
txn_b748a7eaa4,user_a5808fcd,7666.41,mandate,invoice_unpaid,receivable_overdue,0,2026-08-30T13:55:31.313965,False,regular,78.0
txn_ab7abc4cfa,user_8500eaac,6454.56,mandate,bank_decline,subscription_failure,0,2026-08-08T21:55:31.313976,False,regular,
txn_f144a7b7fa,user_0722a748,4297.95,mandate,insufficient_funds,subscription_failure,0,2026-08-18T05:55:31.313986,False,regular,
txn_98216e6c46,user_737765b3,7241.53,upi,invoice_unpaid,receivable_overdue,0,2026-08-16T10:55:31.313995,False,regular,20.0
txn_80da5eac46,user_424d1696,5790.96,mandate,invoice_unpaid,receivable_overdue,0,2026-09-01T11:55:31.314026,False,regular,58.0
txn_6bd81916aa,user_6e502264,649.35,mandate,user_dropped,checkout_abandon,0,2026-08-13T18:55:31.314043,False,regular,
txn_dccb8f21f1,user_382409bf,4709.83,card,issuer_timeout,payment_failure,0,2026-08-21T16:55:31.314076,False,regular,
txn_16f941fba2,user_aad2fae1,7890.87,mandate,otp_timeout,checkout_abandon,0,2026-09-02T18:55:31.314094,False,regular,
txn_de08a816e2,user_4fc32051,5236.87,mandate,card_expired,subscription_failure,0,2026-08-21T16:55:31.314105,False,regular,
txn_89f346137f,user_4d7da822,3129.04,upi,issuer_timeout,payment_failure,0,2026-08-14T16:55:31.314117,False,regular,
txn_690458949d,user_c5f8d230,49105.45,card,invoice_unpaid,receivable_overdue,0,2026-08-11T03:55:31.314127,False,high_value,39.0
txn_af31bfe363,user_a4a87c86,1990.38,mandate,insufficient_funds,subscription_failure,0,2026-08-20T16:55:31.314138,False,regular,
txn_aede8c5590,user_170193c5,450.3,mandate,issuer_timeout,payment_failure,0,2026-08-16T03:55:31.314148,False,regular,
txn_8b957d6449,user_6c5adf16,5440.78,card,bank_decline,payment_failure,0,2026-08-27T04:55:31.314158,True,regular,
txn_5cfd7b4140,user_c6093cd4,6252.3,upi,user_dropped,checkout_abandon,0,2026-08-18T18:55:31.314187,False,regular,
txn_0df6aa9d7e,user_2f61f939,6224.8,netbanking,invoice_unpaid,receivable_overdue,0,2026-08-27T18:55:31.314203,False,regular,19.0
txn_8c0791a30a,user_d48a29ae,4541.4,upi,user_dropped,checkout_abandon,0,2026-08-14T06:55:31.314214,False,regular,
txn_d6cbc647e3,user_e4ce2e9f,5435.47,netbanking,gateway_timeout,checkout_abandon,0,2026-08-12T14:55:31.314225,False,regular,
txn_5cf5ec381f,user_32b642ba,2078.55,upi,insufficient_funds,payment_failure,0,2026-08-25T05:55:31.314235,False,regular,
txn_5b88187610,user_7fe827e3,3447.76,upi,otp_timeout,checkout_abandon,0,2026-08-22T20:55:31.314245,False,regular,
txn_49a8589937,user_55284647,3093.4,upi,insufficient_funds,payment_failure,0,2026-09-02T19:55:31.314255,False,regular,
txn_95d8c1d1a5,user_e65d6146,41794.52,mandate,mandate_lapsed,subscription_failure,0,2026-08-16T04:55:31.314265,False,high_value,
txn_17f94a1e53,user_e9df6434,2563.87,card,insufficient_funds,payment_failure,0,2026-08-28T21:55:31.314275,False,regular,
txn_90c58bc7cf,user_3e2c8752,2091.23,upi,issuer_timeout,payment_failure,0,2026-08-22T20:55:31.314284,False,regular,
txn_0bf4556752,user_a2c7c89c,3001.22,mandate,insufficient_funds,subscription_failure,0,2026-08-26T16:55:31.314314,False,regular,
txn_6240c9e18a,user_eca5c7cd,3861.03,netbanking,otp_timeout,checkout_abandon,0,2026-08-05T21:55:31.314331,False,regular,
txn_ffaeb55fcd,user_c16d5cf1,1337.2,netbanking,user_dropped,checkout_abandon,0,2026-08-17T09:55:31.314343,False,regular,
txn_2bad0a0e30,user_e2f8b951,3161.75,upi,otp_timeout,checkout_abandon,0,2026-08-19T10:55:31.314404,False,regular,
txn_8495116869,user_95bae388,7737.76,mandate,mandate_lapsed,subscription_failure,0,2026-08-14T04:55:31.314430,False,regular,
txn_a7603ea456,user_dca0d566,38252.45,mandate,card_expired,payment_failure,0,2026-08-29T10:55:31.314448,False,high_value,
txn_dfd0c3caf0,user_ca3e1674,778.78,card,invoice_unpaid,receivable_overdue,0,2026-08-11T03:55:31.314459,False,regular,53.0
txn_f9f8ce294a,user_f4ee518b,17186.01,mandate,mandate_lapsed,subscription_failure,0,2026-08-20T16:55:31.314469,True,high_value,
txn_b3d4862c91,user_69560864,5341.42,mandate,bank_decline,subscription_failure,0,2026-09-04T03:55:31.314478,False,regular,
txn_698c629ca6,user_09497c92,4377.76,netbanking,otp_timeout,checkout_abandon,0,2026-09-03T11:55:31.314496,False,regular,
txn_6110e9fd7a,user_d0d8a41e,1033.73,mandate,card_expired,subscription_failure,0,2026-08-31T11:55:31.314530,False,regular,
txn_316b0a2499,user_4d7adb0f,2284.13,mandate,bank_decline,payment_failure,0,2026-09-01T16:55:31.314548,False,regular,
txn_483ba14914,user_9e226cc1,2538.8,card,otp_timeout,checkout_abandon,0,2026-08-14T07:55:31.314561,False,regular,
txn_c016dabf53,user_390d2ab8,636.7,card,insufficient_funds,payment_failure,0,2026-08-12T22:55:31.314573,False,regular,
txn_c6b0e13960,user_05968de9,7822.17,card,invoice_unpaid,receivable_overdue,0,2026-08-06T11:55:31.314584,False,regular,6.0
txn_258b60258b,user_719ea1bf,2313.54,card,invoice_unpaid,receivable_overdue,0,2026-08-13T19:55:31.314594,False,regular,70.0
txn_f0ba304281,user_7d96a0fd,7698.46,upi,issuer_timeout,payment_failure,0,2026-08-10T05:55:31.314605,False,regular,
txn_c2fefee738,user_c6e07ab9,4619.23,mandate,invoice_unpaid,receivable_overdue,0,2026-08-13T10:55:31.314637,False,regular,43.0
txn_e723067ed3,user_33767fab,810.74,mandate,card_expired,subscription_failure,0,2026-08-11T16:55:31.314655,True,regular,
txn_bbd7e581d2,user_a99b8701,6197.24,mandate,gateway_timeout,checkout_abandon,0,2026-08-10T17:55:31.314705,True,regular,
txn_f1d271264e,user_4cff794f,2974.33,mandate,issuer_timeout,payment_failure,0,2026-08-21T22:55:31.314758,False,regular,
txn_d472572fa4,user_df918171,6423.83,mandate,mandate_lapsed,subscription_failure,0,2026-08-13T01:55:31.314775,False,regular,
txn_3f179f5d4b,user_4ea5d2ce,5968.31,netbanking,card_expired,payment_failure,0,2026-08-24T00:55:31.314787,False,regular,
txn_2e58cfe956,user_f455ee05,996.41,card,invoice_unpaid,receivable_overdue,0,2026-08-29T14:55:31.314798,False,regular,58.0
txn_d8f8394b0c,user_b854bd8d,31276.68,netbanking,otp_timeout,checkout_abandon,0,2026-08-07T15:55:31.314829,True,high_value,
txn_13467ee27e,user_df7301bb,4563.39,upi,user_dropped,checkout_abandon,0,2026-08-16T11:55:31.314848,False,regular,
txn_df2df2087f,user_7e0d398b,4045.37,card,insufficient_funds,payment_failure,0,2026-08-29T14:55:31.314866,False,regular,
txn_122802777a,user_83866f17,7563.93,mandate,card_expired,payment_failure,0,2026-08-15T08:55:31.314882,False,regular,
txn_b48dbaef39,user_64c87288,2790.29,mandate,insufficient_funds,payment_failure,0,2026-08-09T17:55:31.314901,False,regular,
txn_eeadd85164,user_6ea86f03,4835.26,netbanking,gateway_timeout,checkout_abandon,0,2026-08-24T08:55:31.314912,False,regular,
txn_ec697b51f0,user_f5a4fb68,7755.06,netbanking,insufficient_funds,payment_failure,0,2026-08-11T05:55:31.314947,False,regular,
txn_d872546184,user_caa18afc,2385.34,mandate,invoice_unpaid,receivable_overdue,0,2026-08-24T00:55:31.314965,False,regular,73.0
txn_c4f606e09a,user_40776c13,408.95,mandate,invoice_unpaid,receivable_overdue,0,2026-08-04T05:55:31.314977,False,regular,27.0
txn_ed1ec99b49,user_4706c7a0,6405.12,mandate,card_expired,payment_failure,0,2026-08-13T12:55:31.314988,False,regular,
txn_71ecda2530,user_4924550c,25770.95,mandate,insufficient_funds,payment_failure,0,2026-09-01T13:55:31.314998,False,high_value,
txn_5da7cb3ac2,user_71a104a1,7378.06,mandate,user_dropped,checkout_abandon,0,2026-08-18T02:55:31.315008,False,regular,
txn_2149f114c5,user_2a2a72ca,5176.81,card,issuer_timeout,payment_failure,0,2026-08-31T20:55:31.315018,False,regular,
txn_858e9e6234,user_c652b510,49310.56,mandate,bank_decline,payment_failure,0,2026-08-04T17:55:31.315029,False,high_value,
txn_3d4324a5c0,user_bebd7a7e,4182.27,upi,otp_timeout,checkout_abandon,0,2026-08-20T16:55:31.315039,False,regular,
txn_9d251a1a1d,user_2513cc6a,2889.75,mandate,insufficient_funds,subscription_failure,0,2026-09-03T12:55:31.315049,False,regular,
txn_aafe4de2be,user_53b5b230,47507.46,upi,gateway_timeout,checkout_abandon,0,2026-08-23T18:55:31.315078,False,high_value,
txn_4193cf5ccb,user_4a11384c,960.46,mandate,insufficient_funds,subscription_failure,0,2026-08-11T05:55:31.315093,False,regular,
txn_7e37b6b4b5,user_8531512a,375.16,netbanking,insufficient_funds,payment_failure,0,2026-08-15T00:55:31.315105,False,regular,
txn_7e6d9fd781,user_dab913ed,1559.74,upi,issuer_timeout,payment_failure,0,2026-08-24T10:55:31.315115,False,regular,
txn_be6a613d85,user_53d1f908,1652.82,mandate,user_dropped,checkout_abandon,0,2026-08-23T03:55:31.315126,False,regular,
txn_f3d4cfe9a0,user_faed7899,233.71,upi,invoice_unpaid,receivable_overdue,0,2026-08-28T19:55:31.315136,False,regular,9.0
txn_7c32396bd4,user_07050499,1736.18,mandate,insufficient_funds,subscription_failure,0,2026-08-31T19:55:31.315169,False,regular,
txn_a0e0c9bd70,user_326de9d7,3230.39,mandate,gateway_timeout,checkout_abandon,0,2026-08-17T00:55:31.315195,False,regular,
txn_9c9245d0a1,user_74d130a5,5705.71,netbanking,invoice_unpaid,receivable_overdue,0,2026-08-05T08:55:31.315217,False,regular,76.0
txn_0c2ba202c4,user_010cdb1b,1626.75,upi,insufficient_funds,payment_failure,0,2026-08-18T15:55:31.315228,False,regular,
txn_2bd73ebc8b,user_7e08e14f,34690.43,upi,insufficient_funds,payment_failure,0,2026-08-17T22:55:31.315263,False,high_value,
txn_5746aec5aa,user_cf7f83de,617.17,netbanking,insufficient_funds,payment_failure,0,2026-08-05T03:55:31.315278,False,regular,
txn_0fed2dae1a,user_c89276b3,5292.94,mandate,insufficient_funds,payment_failure,0,2026-08-13T12:55:31.315289,False,regular,
txn_88acd68ca4,user_3490f17e,9296.12,upi,invoice_unpaid,receivable_overdue,0,2026-08-26T02:55:31.315306,False,high_value,36.0
txn_e505151650,user_af0fa148,6224.87,mandate,card_expired,payment_failure,0,2026-08-17T11:55:31.315325,False,regular,
txn_1593b83c36,user_f4fb9fcd,3060.52,card,card_expired,payment_failure,0,2026-08-10T04:55:31.315337,False,regular,
txn_a5963ce503,user_d4e5e8cd,5297.64,upi,bank_decline,payment_failure,0,2026-08-26T02:55:31.315346,False,regular,
txn_87df8f00b8,user_ee495dc2,7951.87,upi,issuer_timeout,payment_failure,0,2026-08-28T04:55:31.315356,False,regular,
txn_47d6d6a0c5,user_7091ba88,1493.66,upi,card_expired,payment_failure,0,2026-08-09T21:55:31.315366,False,regular,
txn_38b9e59605,user_1b58997b,4854.49,upi,invoice_unpaid,receivable_overdue,0,2026-08-24T05:55:31.315376,False,regular,38.0
txn_decf62b8b0,user_0ff11767,5497.53,card,issuer_timeout,payment_failure,0,2026-08-30T14:55:31.315423,False,regular,
txn_ded33060e6,user_17af1206,44374.44,upi,invoice_unpaid,receivable_overdue,0,2026-08-30T05:55:31.315443,False,high_value,42.0
txn_4967484cb5,user_a672206f,4702.92,mandate,card_expired,subscription_failure,0,2026-08-26T07:55:31.315456,False,regular,
txn_a42c672342,user_55de06b8,925.14,netbanking,user_dropped,checkout_abandon,0,2026-08-12T16:55:31.315467,False,regular,
txn_8ca708c9f0,user_ac2a3a9b,6806.91,card,user_dropped,checkout_abandon,0,2026-08-11T13:55:31.315477,False,regular,
txn_3dce8fc407,user_daa7dd1d,3301.18,mandate,bank_decline,subscription_failure,0,2026-08-04T14:55:31.315493,False,regular,
txn_1b172c7ab9,user_bcf2a75f,4468.02,upi,otp_timeout,checkout_abandon,0,2026-08-16T12:55:31.315505,False,regular,
txn_39286f2cbe,user_37b1bbf3,34298.91,mandate,invoice_unpaid,receivable_overdue,0,2026-09-04T00:55:31.315542,False,high_value,21.0
txn_188bdc9b38,user_c47ea182,5570.02,upi,issuer_timeout,payment_failure,0,2026-08-06T07:55:31.315560,False,regular,
txn_310dbc1e26,user_1d37590e,23137.93,card,invoice_unpaid,receivable_overdue,0,2026-08-23T06:55:31.315594,False,high_value,84.0
txn_8391d8707f,user_a431aa12,2025.32,card,insufficient_funds,payment_failure,0,2026-08-13T00:55:31.315650,True,regular,
txn_e033f482c5,user_d1336797,5502.87,card,otp_timeout,checkout_abandon,0,2026-09-03T05:55:31.315668,False,regular,
txn_94745b7c3c,user_b3d33911,3925.06,upi,issuer_timeout,payment_failure,0,2026-08-23T01:55:31.315679,False,regular,
txn_4de85304f6,user_3d097a0e,1268.61,upi,insufficient_funds,payment_failure,0,2026-08-14T06:55:31.315690,False,regular,
txn_7171f9875b,user_c3488f23,3631.78,upi,otp_timeout,checkout_abandon,0,2026-08-14T04:55:31.315701,False,regular,
txn_878faf8223,user_67a4ec53,875.17,card,user_dropped,checkout_abandon,0,2026-08-31T00:55:31.315710,False,regular,
txn_d86b4c8186,user_7cbc6165,1289.68,netbanking,issuer_timeout,payment_failure,0,2026-08-15T01:55:31.315741,False,regular,
txn_88d36b9652,user_b6770a11,7540.98,mandate,card_expired,subscription_failure,0,2026-09-03T06:55:31.315756,False,regular,
txn_fd480f92d0,user_f48326dd,24453.15,card,bank_decline,payment_failure,0,2026-08-09T20:55:31.315768,False,high_value,
txn_57d60ba688,user_42a1e109,4319.63,card,bank_decline,payment_failure,0,2026-08-23T17:55:31.315779,False,regular,
txn_c5ff3d04ac,user_3b546366,5525.95,mandate,invoice_unpaid,receivable_overdue,0,2026-08-05T01:55:31.315811,False,regular,3.0
txn_0121dc379e,user_e90a79a1,7598.7,mandate,insufficient_funds,payment_failure,0,2026-08-18T18:55:31.315828,False,regular,
txn_0cea8bf50e,user_23600523,841.94,upi,user_dropped,checkout_abandon,0,2026-08-27T01:55:31.315846,False,regular,
txn_c1809b174f,user_8331cbde,4382.84,mandate,otp_timeout,checkout_abandon,0,2026-08-16T07:55:31.315867,False,regular,
txn_ae1161216e,user_662bd43e,3611.39,mandate,insufficient_funds,subscription_failure,0,2026-08-04T20:55:31.315878,True,regular,
txn_58c2425ec4,user_2b3670d7,4947.89,netbanking,bank_decline,payment_failure,0,2026-08-13T04:55:31.315888,False,regular,
txn_13d198a9a1,user_ee3e2358,8476.71,mandate,insufficient_funds,payment_failure,0,2026-08-04T16:55:31.315898,False,high_value,
txn_9410684c06,user_488027be,13330.96,mandate,card_expired,subscription_failure,0,2026-08-10T19:55:31.315921,False,high_value,
txn_7c043ae84e,user_94b0002c,3547.73,card,issuer_timeout,payment_failure,0,2026-08-26T05:55:31.315956,False,regular,
txn_c4c86565f2,user_94b3d8c6,631.43,mandate,insufficient_funds,subscription_failure,0,2026-08-07T09:55:31.315984,False,regular,
txn_684bda4645,user_1ebd4788,5457.14,card,card_expired,payment_failure,0,2026-08-27T04:55:31.316020,False,regular,
txn_551b936c79,user_95e8de44,3878.76,mandate,issuer_timeout,payment_failure,0,2026-08-05T23:55:31.316038,False,regular,
txn_dbc2efd0b8,user_85e272ad,5768.36,mandate,invoice_unpaid,receivable_overdue,0,2026-08-27T17:55:31.316050,False,regular,32.0
txn_1a97abc332,user_726f47bf,23657.57,mandate,mandate_lapsed,subscription_failure,0,2026-08-18T06:55:31.316061,False,high_value,
txn_25a38b9e7d,user_08f4256e,7640.82,card,issuer_timeout,payment_failure,0,2026-08-06T13:55:31.316072,False,regular,
txn_3a3382a121,user_00bb252b,27182.88,mandate,mandate_lapsed,subscription_failure,0,2026-08-23T21:55:31.316082,False,high_value,
txn_202590237f,user_462e2b7f,3071.53,mandate,card_expired,subscription_failure,0,2026-08-19T21:55:31.316092,False,regular,
txn_1249dd5bb3,user_6d1b4cb5,47159.76,card,user_dropped,checkout_abandon,0,2026-08-27T10:55:31.316103,False,high_value,
txn_6b4d0a5292,user_3d6d28b0,210.4,mandate,invoice_unpaid,receivable_overdue,0,2026-08-07T04:55:31.316113,False,regular,40.0
txn_8d2ffe42a6,user_4e3b5824,666.18,upi,otp_timeout,checkout_abandon,0,2026-08-12T19:55:31.316124,False,regular,
txn_98b665adb9,user_c77e11bf,5665.61,netbanking,invoice_unpaid,receivable_overdue,0,2026-08-20T04:55:31.316155,False,regular,11.0
txn_6343b4f833,user_7e954f9d,4815.79,card,user_dropped,checkout_abandon,0,2026-08-21T06:55:31.316178,False,regular,
txn_7d743a0fe3,user_51a5ec63,6445.37,netbanking,insufficient_funds,payment_failure,0,2026-08-24T13:55:31.316199,False,regular,
txn_a0e71c22b0,user_d85fc7e0,4759.72,upi,insufficient_funds,payment_failure,0,2026-08-31T22:55:31.316210,False,regular,
txn_403947394f,user_0c07621b,6207.63,mandate,insufficient_funds,payment_failure,0,2026-08-25T13:55:31.316220,False,regular,
txn_7d179f137f,user_13e28a88,6644.82,card,insufficient_funds,payment_failure,0,2026-08-28T17:55:31.316231,False,regular,
txn_9df84e1c32,user_2af076d7,580.81,mandate,bank_decline,subscription_failure,0,2026-08-25T19:55:31.316241,False,regular,
txn_d6f36c7e55,user_dd679ad0,4535.44,upi,issuer_timeout,payment_failure,0,2026-08-31T13:55:31.316250,False,regular,
txn_02f363a17b,user_47c57da7,40799.54,mandate,mandate_lapsed,subscription_failure,0,2026-08-27T23:55:31.316260,False,high_value,
txn_e49db36441,user_c210095f,854.51,netbanking,user_dropped,checkout_abandon,0,2026-08-06T01:55:31.316295,True,regular,
txn_2403b0763d,user_716babd1,1203.57,netbanking,issuer_timeout,payment_failure,0,2026-09-01T02:55:31.316331,False,regular,
txn_d9689cf48c,user_27142c2f,5849.56,mandate,issuer_timeout,payment_failure,0,2026-09-03T15:55:31.316348,False,regular,
txn_15db7a1035,user_b33a9648,19753.61,upi,insufficient_funds,payment_failure,0,2026-09-02T08:55:31.316360,False,high_value,
txn_024aef87dd,user_5acb7639,4494.37,card,insufficient_funds,payment_failure,0,2026-09-01T19:55:31.316371,False,regular,
txn_792c1443f1,user_1be6eb69,2142.35,card,user_dropped,checkout_abandon,0,2026-08-22T05:55:31.316382,False,regular,
txn_86789aad59,user_b8684a70,4117.67,mandate,user_dropped,checkout_abandon,0,2026-08-26T22:55:31.316392,True,regular,
txn_db7e93af5a,user_5dd8160e,2390.27,mandate,otp_timeout,checkout_abandon,0,2026-08-18T16:55:31.316403,False,regular,
txn_a662109d77,user_ca550b2c,35587.65,netbanking,invoice_unpaid,receivable_overdue,0,2026-08-17T04:55:31.316413,False,high_value,8.0
txn_3e6a268f43,user_84d0da2e,3228.7,upi,invoice_unpaid,receivable_overdue,0,2026-08-29T20:55:31.316423,False,regular,76.0
txn_adf033837c,user_0f7eccd4,5685.93,mandate,insufficient_funds,subscription_failure,0,2026-08-23T09:55:31.316434,False,regular,
txn_07c0480091,user_f18c635c,7075.69,mandate,otp_timeout,checkout_abandon,0,2026-08-17T18:55:31.316477,False,regular,
txn_b9880fb967,user_def4fc8e,354.44,mandate,insufficient_funds,payment_failure,0,2026-09-03T17:55:31.316499,False,regular,
txn_21de369d8c,user_439db36c,7365.49,netbanking,insufficient_funds,payment_failure,0,2026-09-03T03:55:31.316513,False,regular,
txn_b1ee9098c7,user_f7cc089a,30103.86,mandate,mandate_lapsed,subscription_failure,0,2026-08-24T01:55:31.316524,False,high_value,
txn_f137412b19,user_a1e0dc60,20673.83,upi,invoice_unpaid,receivable_overdue,0,2026-08-29T04:55:31.316534,False,high_value,56.0
txn_91ccbd8145,user_370ff9cf,48686.23,netbanking,invoice_unpaid,receivable_overdue,0,2026-08-27T06:55:31.316545,False,high_value,76.0
txn_f28d018981,user_81604b6a,1585.12,card,card_expired,payment_failure,0,2026-08-04T05:55:31.316556,False,regular,
txn_e14e270c92,user_2f2602cc,451.59,netbanking,issuer_timeout,payment_failure,0,2026-08-05T08:55:31.316566,False,regular,
txn_7bf7c679c4,user_408432d2,39303.67,upi,gateway_timeout,checkout_abandon,0,2026-08-23T17:55:31.316576,False,high_value,
txn_5781cb7da4,user_f812c9fc,5184.0,netbanking,invoice_unpaid,receivable_overdue,0,2026-08-21T03:55:31.316586,False,regular,34.0
txn_9a060974ab,user_8afc7c15,5818.23,mandate,insufficient_funds,subscription_failure,0,2026-09-02T15:55:31.316616,False,regular,
txn_f30e3360c5,user_ef4173bf,7076.81,netbanking,otp_timeout,checkout_abandon,0,2026-08-17T15:55:31.316652,False,regular,
txn_78d06a34ec,user_f75e2c4a,5558.85,upi,gateway_timeout,checkout_abandon,0,2026-08-21T01:55:31.316669,False,regular,
txn_b3bc02a099,user_01bf4519,1015.86,netbanking,insufficient_funds,payment_failure,0,2026-08-29T15:55:31.316681,False,regular,
txn_e140454bfa,user_ae1bff07,2835.01,mandate,issuer_timeout,payment_failure,0,2026-08-13T03:55:31.316692,False,regular,
txn_2e4b7613b1,user_607fbb70,616.73,mandate,insufficient_funds,subscription_failure,0,2026-08-24T21:55:31.316702,False,regular,
txn_c145fb683c,user_793976e1,4411.98,netbanking,user_dropped,checkout_abandon,0,2026-08-25T20:55:31.316713,False,regular,
txn_ada356316c,user_20c82013,624.14,card,bank_decline,payment_failure,0,2026-08-22T01:55:31.316744,False,regular,
txn_4c660f50cf,user_dcba8cc3,9080.87,mandate,insufficient_funds,subscription_failure,0,2026-08-29T07:55:31.316757,False,high_value,
txn_f7e0fdf23d,user_ca6b55b5,3299.25,mandate,issuer_timeout,payment_failure,0,2026-08-06T06:55:31.316769,False,regular,
txn_4733ac2ed3,user_549f2e50,3174.27,mandate,insufficient_funds,subscription_failure,0,2026-08-29T13:55:31.316799,True,regular,
txn_77f8bc550d,user_8b0786f1,4600.12,upi,otp_timeout,checkout_abandon,0,2026-08-10T05:55:31.316817,False,regular,
txn_f4027952fd,user_51c3e4b0,7770.5,upi,insufficient_funds,payment_failure,0,2026-08-18T02:55:31.316829,False,regular,
txn_ff53f83d84,user_45b6d023,6960.77,mandate,invoice_unpaid,receivable_overdue,0,2026-08-16T20:55:31.316859,False,regular,61.0
txn_1bfdeb94d4,user_4e4026e1,31990.67,upi,issuer_timeout,payment_failure,0,2026-08-31T13:55:31.316877,False,high_value,
txn_13d3b80999,user_1b6b6c7a,1183.25,mandate,invoice_unpaid,receivable_overdue,0,2026-09-01T06:55:31.316889,False,regular,56.0
txn_b366b13e6c,user_8a6f2a0c,2693.05,card,invoice_unpaid,receivable_overdue,0,2026-09-01T15:55:31.316900,False,regular,72.0
txn_0468704d0c,user_52f63a53,7012.04,mandate,insufficient_funds,payment_failure,0,2026-08-31T14:55:31.316910,False,regular,
txn_68c100c8dc,user_bc25ec42,980.59,card,user_dropped,checkout_abandon,0,2026-08-17T00:55:31.316921,False,regular,
txn_7ac8f5fb2f,user_66098a90,2259.27,mandate,invoice_unpaid,receivable_overdue,0,2026-08-16T08:55:31.316931,True,regular,61.0
txn_4fce05ac9a,user_cd7f9943,5609.56,card,insufficient_funds,payment_failure,0,2026-08-22T17:55:31.316961,False,regular,
txn_326b03c8fd,user_61f88fa1,3104.04,netbanking,bank_decline,payment_failure,0,2026-08-08T18:55:31.316978,False,regular,
txn_1ff0069aee,user_1493ef9e,7784.47,upi,invoice_unpaid,receivable_overdue,0,2026-08-30T18:55:31.317010,False,regular,57.0
txn_efe39d56f5,user_7c7bd6be,895.44,mandate,card_expired,payment_failure,0,2026-08-28T14:55:31.317029,False,regular,
txn_4b7a1b812f,user_b52317fc,4218.1,mandate,bank_decline,subscription_failure,0,2026-08-30T01:55:31.317040,False,regular,
txn_c386596a9f,user_68e69f1c,7057.79,card,otp_timeout,checkout_abandon,0,2026-08-29T21:55:31.317052,False,regular,
txn_db4f5f8d4c,user_14e09db1,10123.44,netbanking,insufficient_funds,payment_failure,0,2026-08-12T21:55:31.317063,False,high_value,
txn_5dc2c4fdda,user_4f2b8e98,1165.21,card,invoice_unpaid,receivable_overdue,0,2026-08-27T16:55:31.317073,False,regular,63.0
txn_07d3161e3f,user_1dc195e9,2927.13,upi,issuer_timeout,payment_failure,0,2026-08-08T19:55:31.317083,False,regular,
txn_2c0480fa21,user_80c652f6,1469.68,mandate,mandate_lapsed,subscription_failure,0,2026-08-16T21:55:31.317094,False,regular,
txn_9d3d1340f0,user_61144a45,3393.16,mandate,card_expired,subscription_failure,0,2026-09-03T06:55:31.317122,True,regular,
txn_b8e3bde599,user_b2b48904,265.02,netbanking,invoice_unpaid,receivable_overdue,0,2026-08-15T18:55:31.317140,False,regular,83.0
txn_c85ba44acf,user_06582113,1901.03,netbanking,invoice_unpaid,receivable_overdue,0,2026-08-13T11:55:31.317152,False,regular,80.0
txn_bda14201d5,user_11ad6991,6776.61,netbanking,bank_decline,payment_failure,0,2026-08-17T07:55:31.317163,False,regular,
txn_1ef6cd46ae,user_f3b07a9c,2822.01,netbanking,card_expired,payment_failure,0,2026-08-14T17:55:31.317173,False,regular,
txn_8a0c03bc9c,user_3d99c394,2529.57,upi,card_expired,payment_failure,0,2026-08-18T20:55:31.317182,False,regular,
txn_c91c891bd6,user_263a2f5c,5351.14,upi,invoice_unpaid,receivable_overdue,0,2026-08-12T03:55:31.317192,False,regular,84.0
txn_c12a22dd51,user_9e4cf32d,5945.51,upi,issuer_timeout,payment_failure,0,2026-08-24T04:55:31.317203,False,regular,
txn_60335ccdc8,user_076acea4,7536.21,mandate,insufficient_funds,subscription_failure,0,2026-08-23T11:55:31.317213,False,regular,
txn_745685e531,user_fd303872,2490.52,mandate,card_expired,payment_failure,0,2026-08-30T04:55:31.317223,False,regular,
txn_b4696230a3,user_1108e09c,36547.24,netbanking,invoice_unpaid,receivable_overdue,0,2026-08-15T01:55:31.317252,False,high_value,29.0
txn_506d54bf77,user_96c4456f,2783.27,mandate,mandate_lapsed,subscription_failure,0,2026-08-26T09:55:31.317287,False,regular,
txn_3c0c0fe670,user_292d6813,4750.88,card,invoice_unpaid,receivable_overdue,0,2026-08-19T21:55:31.317305,False,regular,65.0
txn_035f66defd,user_750e1fdc,6991.62,mandate,insufficient_funds,subscription_failure,0,2026-08-30T23:55:31.317335,False,regular,
txn_1f7fce65fc,user_1f0ecf54,7894.86,upi,issuer_timeout,payment_failure,0,2026-08-24T05:55:31.317353,False,regular,
txn_3cb455b2a7,user_05876447,2643.63,card,insufficient_funds,payment_failure,0,2026-09-03T13:55:31.317365,False,regular,
txn_fd566634d7,user_5c282789,4017.7,mandate,mandate_lapsed,subscription_failure,0,2026-08-11T01:55:31.317375,False,regular,
txn_3ebfe16ab1,user_5b94ebfc,3922.72,card,user_dropped,checkout_abandon,0,2026-09-02T10:55:31.317386,False,regular,
txn_dd035388ec,user_79786e41,6698.18,upi,insufficient_funds,payment_failure,0,2026-09-03T06:55:31.317397,True,regular,
txn_172d67edc0,user_409cc146,2633.32,mandate,mandate_lapsed,subscription_failure,0,2026-08-31T15:55:31.317407,False,regular,
txn_a94f2ca322,user_79e0a721,47834.51,mandate,insufficient_funds,payment_failure,0,2026-08-11T11:55:31.317436,False,high_value,
txn_a28ac6284c,user_7e30c5df,2872.32,mandate,issuer_timeout,payment_failure,0,2026-08-23T21:55:31.317453,False,regular,
txn_0250913f1a,user_1576ced8,17421.27,upi,invoice_unpaid,receivable_overdue,0,2026-08-28T04:55:31.317555,False,high_value,3.0
txn_5f9aeb91f4,user_3e1bbdb7,490.43,netbanking,insufficient_funds,payment_failure,0,2026-08-10T10:55:31.317573,False,regular,
txn_86977088b2,user_f695def8,43116.2,card,otp_timeout,checkout_abandon,0,2026-08-13T00:55:31.317584,False,high_value,
txn_ad6d10f8e0,user_a9d85c54,1393.39,card,bank_decline,payment_failure,0,2026-08-25T14:55:31.317595,False,regular,
txn_8620a5b4b6,user_6e5cff4f,1268.88,mandate,mandate_lapsed,subscription_failure,0,2026-08-09T00:55:31.317605,False,regular,
txn_4419929950,user_a1383b74,4081.36,mandate,mandate_lapsed,subscription_failure,0,2026-08-15T21:55:31.317615,False,regular,
txn_14f4a1908a,user_b134a394,3395.1,upi,invoice_unpaid,receivable_overdue,0,2026-09-02T10:55:31.317625,False,regular,64.0
txn_dc62eb9f28,user_4ffb98ab,298.45,mandate,insufficient_funds,subscription_failure,0,2026-09-02T00:55:31.317635,False,regular,
txn_c752786159,user_548cc6cb,29491.11,mandate,mandate_lapsed,subscription_failure,0,2026-08-11T04:55:31.317666,False,high_value,
txn_de2e279cf6,user_0225c9fa,2507.97,mandate,insufficient_funds,payment_failure,0,2026-09-03T00:55:31.317683,False,regular,
txn_57f4f65294,user_d11e6885,5477.78,mandate,invoice_unpaid,receivable_overdue,0,2026-08-12T00:55:31.317696,False,regular,13.0
txn_95bf4eda55,user_610d2e27,35181.7,netbanking,invoice_unpaid,receivable_overdue,0,2026-08-23T13:55:31.317708,False,high_value,80.0
txn_089d73d572,user_ad600ce7,1086.89,mandate,insufficient_funds,subscription_failure,0,2026-08-22T13:55:31.317749,False,regular,
txn_71bf424707,user_c50301b2,5260.0,upi,issuer_timeout,payment_failure,0,2026-08-31T23:55:31.317768,False,regular,
txn_7adc1ecd71,user_7213e094,25472.75,mandate,issuer_timeout,payment_failure,0,2026-08-09T09:55:31.317780,False,high_value,
txn_e5db9e57ba,user_ee0bdfc7,423.77,upi,insufficient_funds,payment_failure,0,2026-08-19T12:55:31.317792,False,regular,
txn_8ba975543a,user_c98d01eb,2650.06,upi,otp_timeout,checkout_abandon,0,2026-08-04T06:55:31.317802,False,regular,
txn_9c3d62e9b8,user_860c4a52,3575.21,upi,user_dropped,checkout_abandon,0,2026-08-19T16:55:31.317812,False,regular,
txn_741b610dc3,user_d8095d05,7157.08,mandate,mandate_lapsed,subscription_failure,0,2026-08-16T02:55:31.317841,True,regular,
txn_55b143930b,user_8358134b,4066.51,upi,invoice_unpaid,receivable_overdue,0,2026-09-01T12:55:31.317857,False,regular,42.0
txn_3e6ea9ad1f,user_fa6d2d3c,5216.88,mandate,invoice_unpaid,receivable_overdue,0,2026-08-08T20:55:31.317869,False,regular,11.0
txn_ec14a32dc0,user_5bf7d7f1,3686.13,card,invoice_unpaid,receivable_overdue,0,2026-08-19T04:55:31.317880,True,regular,84.0
txn_1d7d8b223d,user_9be9e5d3,6641.09,netbanking,otp_timeout,checkout_abandon,0,2026-08-06T11:55:31.317890,False,regular,
txn_6df9675faf,user_08cb654a,6636.43,mandate,insufficient_funds,subscription_failure,0,2026-08-08T20:55:31.317901,False,regular,
txn_10ad75ff92,user_3dd53b20,5788.93,netbanking,card_expired,payment_failure,0,2026-08-12T13:55:31.317911,False,regular,
txn_5df3467b02,user_2516fd54,6672.09,mandate,mandate_lapsed,subscription_failure,0,2026-08-04T18:55:31.317920,False,regular,
txn_ac5a14b8a7,user_046e914f,4039.89,mandate,insufficient_funds,payment_failure,0,2026-08-31T19:55:31.317930,False,regular,
txn_6d0a5ce445,user_f49daf94,3763.96,upi,issuer_timeout,payment_failure,0,2026-08-12T17:55:31.317940,False,regular,
txn_66248da69e,user_b169adc8,4791.73,mandate,gateway_timeout,checkout_abandon,0,2026-08-20T06:55:31.317971,False,regular,
txn_9bfbec496a,user_341fcb2a,38920.25,mandate,gateway_timeout,checkout_abandon,0,2026-08-08T09:55:31.317989,False,high_value,
txn_0aaa67a07b,user_0782f4af,32298.71,upi,gateway_timeout,checkout_abandon,0,2026-08-31T15:55:31.318000,False,high_value,
