txn_id,user_id,amount,payment_method,failure_code,failure_stage,retry_count,timestamp,do_not_contact,customer_segment,preferred_language,days_overdue
txn_c8ecc06d03,user_170fcf5a,597.76,netbanking,bank_decline,payment_failure,0,2026-08-31T11:09:00,False,regular,hinglish,
txn_fa3458929c,user_c11681c8,1924.7,netbanking,insufficient_funds,payment_failure,0,2026-08-27T14:11:00,False,regular,hinglish,
txn_31bdc07b75,user_1ad4ef18,1526.73,upi,user_dropped,checkout_abandon,0,2026-08-25T00:28:00,False,regular,en,
txn_15ad4bb359,user_2aed298e,1445.65,netbanking,issuer_timeout,payment_failure,0,2026-08-30T00:37:00,False,regular,hinglish,
txn_5caec78062,user_0b83d02b,626.24,card,card_expired,payment_failure,0,2026-08-25T22:59:00,False,regular,en,
txn_1b5befed5a,user_a97f84cb,2690.97,netbanking,insufficient_funds,payment_failure,0,2026-08-27T14:03:00,False,regular,hinglish,
txn_441ad91fbc,user_ab4345a9,3334.63,mandate,gateway_timeout,checkout_abandon,1,2026-08-23T10:39:00,False,regular,hinglish,
txn_e09b0fdb75,user_47995855,535.8,card,card_expired,payment_failure,0,2026-09-01T23:06:00,False,regular,en,
txn_4d082ee739,user_fdf6b825,2674.83,card,insufficient_funds,payment_failure,0,2026-08-28T08:02:00,False,regular,en,
txn_79df76b9c0,user_b5cd9b65,101929.56,netbanking,invoice_unpaid,receivable_overdue,0,2026-08-31T02:02:00,False,high_value,en,3.6
txn_59e918292e,user_7909f7f4,430.64,card,card_expired,payment_failure,0,2026-08-31T02:20:00,False,regular,en,
txn_1b63d78458,user_b1e66967,1625.73,card,gateway_timeout,checkout_abandon,0,2026-08-26T12:49:00,False,regular,en,
txn_fdbb0e5f55,user_e30c4624,986.92,upi,otp_timeout,checkout_abandon,0,2026-08-23T08:17:00,False,regular,hinglish,
txn_7542a3adf8,user_01c2da7c,693.43,upi,issuer_timeout,payment_failure,1,2026-08-24T14:47:00,False,regular,en,
txn_164f389d21,user_a3f8e094,1967.13,upi,user_dropped,checkout_abandon,0,2026-09-02T14:40:00,False,regular,hinglish,
txn_92743f34d3,user_50af7983,1299.29,upi,gateway_timeout,checkout_abandon,0,2026-08-28T06:49:00,False,regular,hinglish,
txn_ab3d585cd7,user_17a3292a,2030.87,card,insufficient_funds,payment_failure,0,2026-08-28T15:18:00,False,regular,en,
txn_8157bd8c7e,user_656fee72,643.18,card,gateway_timeout,checkout_abandon,0,2026-08-22T22:40:00,False,regular,en,
txn_c2f086e92a,user_cae08457,482.06,card,insufficient_funds,payment_failure,0,2026-08-23T09:04:00,False,regular,hinglish,
txn_587c22baf4,user_ba5f8417,6029.71,card,bank_decline,payment_failure,0,2026-08-31T19:52:00,False,high_value,hinglish,
txn_aecf3e0a1d,user_4e1497ee,841.73,card,user_dropped,checkout_abandon,0,2026-08-26T07:44:00,False,regular,hinglish,
txn_6ad696b22c,user_15561be8,1204.33,upi,user_dropped,checkout_abandon,0,2026-08-26T04:50:00,False,regular,en,
txn_a8dd7a4326,user_4d027114,1097.73,card,bank_decline,payment_failure,1,2026-09-05T09:14:00,False,regular,hinglish,
txn_67d5883f31,user_1ad4ef18,727.2,upi,gateway_timeout,checkout_abandon,0,2026-09-02T17:59:00,False,regular,en,
txn_1b8947e7eb,user_14a0abb7,1102.21,mandate,mandate_lapsed,subscription_failure,0,2026-09-03T06:13:00,False,regular,hinglish,
txn_900ec724fa,user_9a0830ca,880.66,mandate,bank_decline,payment_failure,2,2026-08-27T00:00:00,False,regular,hinglish,
txn_afb816f325,user_c38a5e35,63410.19,upi,invoice_unpaid,receivable_overdue,0,2026-08-26T09:10:00,False,regular,hinglish,120
txn_594f0f80c9,user_00304bdd,7051.98,netbanking,insufficient_funds,payment_failure,0,2026-08-29T09:09:00,False,high_value,en,
txn_b512f88e25,user_0e019bb7,5851.0,netbanking,invoice_unpaid,receivable_overdue,0,2026-08-23T20:44:00,False,regular,hinglish,33.0
txn_067ce4fae4,user_bba1050a,8150.47,card,otp_timeout,checkout_abandon,0,2026-08-25T02:31:00,False,high_value,hinglish,
txn_4a113fb68e,user_2f14eac4,771.74,upi,user_dropped,checkout_abandon,0,2026-08-27T19:33:00,False,regular,hinglish,
txn_a550ab1ff4,user_964f6750,1141.75,netbanking,insufficient_funds,payment_failure,0,2026-09-03T06:05:00,False,regular,hinglish,
txn_91fb27c177,user_1d356661,1741.59,mandate,insufficient_funds,payment_failure,0,2026-09-03T09:00:00,False,regular,hinglish,
txn_039afe95d7,user_1064810a,36987.22,upi,invoice_unpaid,receivable_overdue,0,2026-09-01T21:02:00,False,high_value,hinglish,28.3
txn_fbefe05ada,user_266c8220,16332.93,upi,user_dropped,checkout_abandon,1,2026-08-25T01:50:00,False,high_value,hinglish,
txn_020be2d283,user_76b59965,9102.61,card,otp_timeout,checkout_abandon,0,2026-09-04T00:55:00,False,high_value,hinglish,
txn_605d155709,user_07924daf,1524.28,card,card_expired,payment_failure,0,2026-08-25T12:38:00,False,regular,en,
txn_16e2b9df5c,user_49f4970e,1548.71,upi,issuer_timeout,payment_failure,0,2026-08-31T04:12:00,False,regular,en,
txn_3c180b1be5,user_182406ba,1764.78,card,insufficient_funds,payment_failure,0,2026-09-05T05:25:00,False,regular,hinglish,
txn_59fa37349f,user_b6cf3c18,1444.57,upi,issuer_timeout,payment_failure,0,2026-08-22T23:18:00,False,regular,en,
txn_b55b2f91d0,user_9b70cd54,3700.06,upi,insufficient_funds,payment_failure,1,2026-09-04T16:09:00,True,regular,en,
txn_4d8a63b102,user_16d41a97,726.96,card,insufficient_funds,payment_failure,0,2026-08-26T20:50:00,False,regular,en,
txn_87dc9fdcbc,user_c0d9d23a,3304.72,netbanking,bank_decline,payment_failure,0,2026-08-31T19:44:00,False,regular,hinglish,
txn_b7950975e9,user_29fea609,1195.52,upi,bank_decline,payment_failure,0,2026-09-04T11:12:00,False,regular,en,
txn_16b1ab6bbe,user_1759c24a,755.75,card,bank_decline,payment_failure,0,2026-08-23T18:20:00,False,regular,en,
txn_6753edcf6f,user_c0d0fcd5,1241.82,upi,insufficient_funds,payment_failure,0,2026-08-29T06:53:00,False,regular,hinglish,
txn_d2eec93303,user_ee76d592,1812.01,card,insufficient_funds,payment_failure,0,2026-09-01T21:30:00,False,regular,hinglish,
txn_d3c8ff98b6,user_f261ec0a,10113.52,netbanking,issuer_timeout,payment_failure,0,2026-08-30T09:09:00,False,high_value,hinglish,
txn_935bdf1b36,user_f77f01b9,629.79,upi,insufficient_funds,payment_failure,0,2026-09-04T16:40:00,False,regular,hinglish,
txn_a6e26c9abe,user_4d027114,4565.64,netbanking,user_dropped,checkout_abandon,0,2026-08-31T14:21:00,False,high_value,en,
txn_f50443b1bb,user_387cf7e6,4222.4,netbanking,invoice_unpaid,receivable_overdue,0,2026-08-31T07:35:00,False,regular,hinglish,51.7
txn_2f0549882c,user_2aed298e,27677.2,netbanking,invoice_unpaid,receivable_overdue,0,2026-08-27T09:33:00,False,regular,hinglish,3.1
txn_a660b9bdd9,user_6b4e51bc,1770.82,mandate,mandate_lapsed,subscription_failure,0,2026-08-24T13:01:00,False,regular,en,
txn_5692cec34c,user_667d8850,3204.81,card,issuer_timeout,payment_failure,0,2026-08-27T13:42:00,False,regular,en,
txn_1edc7a2428,user_cb0a520d,1047.07,upi,gateway_timeout,checkout_abandon,1,2026-08-25T04:56:00,False,regular,hinglish,
txn_e0e835e009,user_50af7983,480.93,upi,insufficient_funds,payment_failure,0,2026-09-01T03:54:00,False,regular,hinglish,
txn_4e9f83e11b,user_07938e9d,278.79,mandate,insufficient_funds,payment_failure,0,2026-08-31T03:22:00,False,regular,hinglish,
txn_e4e632b408,user_c38a5e35,846.92,netbanking,issuer_timeout,payment_failure,0,2026-08-27T10:37:00,False,regular,en,
txn_0a5646b8fe,user_c1f72194,24809.96,upi,invoice_unpaid,receivable_overdue,0,2026-08-23T23:40:00,False,regular,hinglish,4.4
txn_8c99a1f0f7,user_16d41a97,1608.58,upi,otp_timeout,checkout_abandon,0,2026-08-31T20:48:00,False,regular,en,
txn_0a5f20096e,user_740473d8,1040.45,netbanking,otp_timeout,checkout_abandon,0,2026-09-05T10:31:00,False,regular,hinglish,
txn_c6ef15b28a,user_3f7d32a4,16458.37,upi,invoice_unpaid,receivable_overdue,1,2026-08-24T09:38:00,False,regular,hinglish,40.7
txn_213e141da6,user_29fea609,2093.29,netbanking,bank_decline,payment_failure,0,2026-08-27T12:13:00,False,regular,hinglish,
txn_e833d5c921,user_71dcb5a9,3498.17,card,insufficient_funds,payment_failure,0,2026-08-24T06:17:00,False,regular,hinglish,
txn_abe75fbb85,user_8e5fc747,670.18,netbanking,bank_decline,payment_failure,0,2026-08-31T09:33:00,False,regular,hinglish,
txn_a31b2c4baa,user_c1f72194,479.4,card,bank_decline,payment_failure,0,2026-08-29T17:24:00,False,regular,en,
txn_450b499720,user_a565dae2,36608.72,mandate,mandate_lapsed,subscription_failure,0,2026-09-02T03:57:00,False,high_value,en,
txn_43733c7f87,user_d4b6b78b,1923.0,upi,insufficient_funds,payment_failure,0,2026-08-30T09:17:00,False,regular,hinglish,
txn_d34b63ef2a,user_7909f7f4,12079.29,mandate,otp_timeout,checkout_abandon,1,2026-09-04T13:07:00,False,high_value,hinglish,
txn_ccfc618f6e,user_dfdaefff,22695.19,netbanking,invoice_unpaid,receivable_overdue,0,2026-08-24T10:31:00,True,regular,en,58.0
txn_4b44710475,user_70b4f6a2,477.67,mandate,bank_decline,payment_failure,1,2026-08-29T07:43:00,False,regular,en,
txn_bc2c0b444f,user_e93a700c,8219.93,netbanking,invoice_unpaid,receivable_overdue,0,2026-08-24T19:58:00,False,regular,en,32.8
txn_4e9d54387e,user_055d331c,20399.23,card,user_dropped,checkout_abandon,0,2026-08-23T06:47:00,True,high_value,hinglish,
txn_b38b9660ff,user_531ae55b,1102.97,mandate,mandate_lapsed,subscription_failure,0,2026-08-27T21:54:00,False,regular,hinglish,
txn_ffa05a0acb,user_a97f84cb,2191.74,upi,bank_decline,payment_failure,0,2026-09-01T08:15:00,False,regular,hinglish,
txn_6e4675ead4,user_6692c617,19136.68,netbanking,invoice_unpaid,receivable_overdue,0,2026-08-22T13:54:00,False,regular,hinglish,4.7
txn_a4f66205e2,user_af04b919,31433.52,netbanking,invoice_unpaid,receivable_overdue,0,2026-08-26T21:00:00,False,regular,hinglish,12.5
txn_255d07f3f7,user_0e019bb7,1610.1,card,card_expired,payment_failure,0,2026-08-26T22:15:00,False,regular,hinglish,
txn_079e56ecec,user_1ad86794,494656.97,netbanking,invoice_unpaid,receivable_overdue,1,2026-08-23T16:05:00,False,high_value,en,14.1
txn_0562737709,user_138c05c3,1071.33,card,bank_decline,payment_failure,0,2026-08-31T07:40:00,False,regular,en,
txn_1130bf0b1d,user_5c5b60b8,1790.25,upi,insufficient_funds,payment_failure,1,2026-09-05T08:13:00,False,regular,hinglish,
txn_c86a56ef18,user_4dde4ad1,2346.86,upi,insufficient_funds,payment_failure,0,2026-08-27T07:04:00,False,regular,hinglish,
txn_1f023ae6e9,user_5c5b60b8,15640.96,netbanking,invoice_unpaid,receivable_overdue,1,2026-08-26T12:39:00,False,regular,en,69.5
txn_20b5dc9b31,user_182406ba,23927.78,netbanking,invoice_unpaid,receivable_overdue,0,2026-08-26T18:17:00,False,regular,hinglish,17.0
txn_8f071c569e,user_1ccec592,2323.47,mandate,insufficient_funds,payment_failure,0,2026-09-03T01:50:00,False,regular,hinglish,
txn_b65b3638f1,user_c56c21f2,104496.82,netbanking,invoice_unpaid,receivable_overdue,0,2026-08-26T01:59:00,False,regular,en,2.0
txn_612b4033fb,user_e45a1ea9,2630.61,mandate,mandate_lapsed,subscription_failure,0,2026-09-01T11:53:00,False,regular,hinglish,
txn_3ad65a2782,user_07938e9d,2907.01,netbanking,invoice_unpaid,receivable_overdue,0,2026-08-27T12:27:00,False,regular,hinglish,32.5
txn_fcc3e8898f,user_43175f4c,1491.3,card,card_expired,payment_failure,0,2026-09-01T22:21:00,False,regular,hinglish,
txn_bb5b18831d,user_8ceb5dfb,1337.87,card,card_expired,payment_failure,0,2026-08-30T11:50:00,False,regular,en,
txn_de1871c3c2,user_709411c1,2835.8,card,card_expired,payment_failure,0,2026-09-05T08:55:00,False,regular,hinglish,
txn_cc583c6b58,user_ee69cf1a,289.56,upi,gateway_timeout,checkout_abandon,0,2026-08-22T20:30:00,False,regular,en,
txn_bc2825641d,user_00304bdd,593.65,upi,otp_timeout,checkout_abandon,0,2026-09-03T18:40:00,False,regular,en,
txn_fd8c825aae,user_f08a6b15,1571.01,card,user_dropped,checkout_abandon,0,2026-08-27T05:23:00,False,regular,hinglish,
txn_8fa0eb3156,user_5a6e5746,470.84,upi,issuer_timeout,payment_failure,0,2026-08-25T15:12:00,False,regular,hinglish,
txn_24b1454fb9,user_fd3775d1,285.26,mandate,mandate_lapsed,subscription_failure,0,2026-08-24T13:59:00,False,regular,hinglish,
txn_ce783f2599,user_c0d0fcd5,19610.0,upi,invoice_unpaid,receivable_overdue,0,2026-09-01T02:12:00,False,regular,hinglish,36.9
txn_df61875f81,user_03f06f6f,1845.3,card,card_expired,payment_failure,0,2026-08-29T14:28:00,False,regular,hinglish,
txn_7462c97ebd,user_c38a5e35,1540.79,mandate,bank_decline,payment_failure,0,2026-09-01T17:22:00,False,regular,en,
txn_f288ec86e9,user_971a1945,1307.43,netbanking,insufficient_funds,payment_failure,0,2026-08-27T04:34:00,False,regular,en,
txn_b37e1ac6a1,user_42f6b4f6,5871.99,card,insufficient_funds,payment_failure,0,2026-08-31T06:05:00,False,high_value,en,
txn_64adc5fd8d,user_964f6750,1109.03,upi,otp_timeout,checkout_abandon,0,2026-08-26T22:37:00,False,regular,hinglish,
txn_99a404d0b3,user_786e7185,876.69,card,insufficient_funds,payment_failure,0,2026-09-04T10:40:00,False,regular,en,
txn_1486690fcf,user_b63420e6,36920.43,netbanking,invoice_unpaid,receivable_overdue,0,2026-09-01T11:23:00,False,regular,hinglish,45.1
txn_53fd587614,user_531ae55b,774.25,netbanking,insufficient_funds,payment_failure,0,2026-09-01T12:29:00,False,regular,hinglish,
txn_86ebff14b5,user_b895504a,13382.71,netbanking,invoice_unpaid,receivable_overdue,0,2026-08-27T19:43:00,False,regular,hinglish,14.1
txn_5d955c7c23,user_29fea609,694.18,upi,user_dropped,checkout_abandon,1,2026-08-31T21:11:00,False,regular,en,
txn_b72903e2db,user_669c998a,2442.25,card,issuer_timeout,payment_failure,0,2026-09-01T03:29:00,False,regular,hinglish,
txn_78521e0668,user_179d1bc8,996.03,upi,insufficient_funds,payment_failure,0,2026-08-30T05:20:00,False,regular,en,
txn_894b1bfc44,user_810ef6aa,8024.51,upi,insufficient_funds,payment_failure,0,2026-08-24T06:22:00,False,high_value,hinglish,
txn_20b3ebdfbe,user_f0a21187,3936.12,card,insufficient_funds,payment_failure,1,2026-08-24T13:47:00,False,regular,hinglish,
txn_64c0b489ae,user_b63420e6,655.42,upi,user_dropped,checkout_abandon,0,2026-08-31T07:09:00,False,regular,en,
txn_ba96c6f0c1,user_f706a691,6070.77,card,card_expired,payment_failure,0,2026-08-24T18:57:00,False,high_value,en,
txn_120c4385fb,user_14a0abb7,734.68,card,issuer_timeout,payment_failure,0,2026-08-27T10:47:00,False,regular,en,
txn_c63a853f83,user_d30ff293,16047.95,netbanking,invoice_unpaid,receivable_overdue,0,2026-09-04T09:22:00,False,regular,en,29.7
txn_6dc6c86269,user_d30ff293,1378.77,mandate,insufficient_funds,payment_failure,0,2026-09-04T01:15:00,False,regular,hinglish,
txn_9180dc36eb,user_cae69196,735.16,mandate,otp_timeout,checkout_abandon,0,2026-08-31T09:14:00,False,regular,en,
txn_3a85618e9d,user_f9ec136c,38775.56,upi,invoice_unpaid,receivable_overdue,0,2026-08-30T23:33:00,False,regular,hinglish,43.7
txn_0475c6031b,user_7909f7f4,1089.94,mandate,mandate_lapsed,subscription_failure,0,2026-09-03T02:18:00,False,regular,hinglish,
txn_0167e842ee,user_121b7017,2272.12,card,otp_timeout,checkout_abandon,0,2026-08-26T02:20:00,False,regular,hinglish,
txn_9b29ef52bd,user_bb50ec48,666.06,upi,issuer_timeout,payment_failure,0,2026-08-31T03:21:00,True,regular,en,
txn_59b50d49b8,user_178c9c2c,2047.03,card,issuer_timeout,payment_failure,1,2026-09-01T19:32:00,False,regular,en,
txn_51bc3a1ce7,user_b9f29d1f,1450.74,netbanking,bank_decline,payment_failure,2,2026-09-01T10:15:00,False,regular,hinglish,
txn_827f242280,user_6c0549ae,14018.35,upi,issuer_timeout,payment_failure,1,2026-09-05T03:54:00,False,high_value,hinglish,
txn_2d16493d96,user_7d4103ea,582.74,mandate,user_dropped,checkout_abandon,1,2026-09-02T05:31:00,False,regular,hinglish,
txn_bc64a3c2e1,user_f58b9ee8,688.42,mandate,issuer_timeout,payment_failure,0,2026-08-27T16:45:00,False,regular,hinglish,
txn_871e96ec0e,user_8e803ffb,2356.18,upi,insufficient_funds,payment_failure,1,2026-08-29T08:16:00,False,regular,hinglish,
txn_07c76f8816,user_6692c617,376.48,upi,issuer_timeout,payment_failure,0,2026-08-30T11:31:00,False,regular,hinglish,
txn_a543936197,user_d30ff293,16429.5,mandate,issuer_timeout,payment_failure,1,2026-09-05T02:25:00,False,high_value,en,
txn_1efed30ec5,user_ec91608b,789.77,card,gateway_timeout,checkout_abandon,1,2026-09-03T05:41:00,False,regular,hinglish,
txn_10bf086553,user_bcad953a,1875.41,card,card_expired,payment_failure,0,2026-08-28T21:31:00,True,regular,en,
txn_914513a3f8,user_13a3bf65,52198.05,netbanking,invoice_unpaid,receivable_overdue,0,2026-09-01T17:52:00,False,regular,en,7.9
txn_84bd3dface,user_eb592db4,15035.96,mandate,mandate_lapsed,subscription_failure,0,2026-08-28T03:57:00,False,high_value,hinglish,
txn_8d81e5d0f1,user_a1ae9802,2695.31,card,otp_timeout,checkout_abandon,0,2026-08-23T05:37:00,False,regular,en,
txn_24c85ec7e1,user_387cf7e6,1185.34,card,otp_timeout,checkout_abandon,0,2026-08-29T21:29:00,False,regular,hinglish,
txn_b03e988df9,user_c38a5e35,741.52,mandate,mandate_lapsed,subscription_failure,0,2026-08-25T05:21:00,False,regular,hinglish,
txn_882e23bb65,user_387cf7e6,403.49,netbanking,issuer_timeout,payment_failure,0,2026-08-28T04:15:00,False,regular,en,
txn_9444ac94c6,user_fd3775d1,1000.57,upi,otp_timeout,checkout_abandon,0,2026-08-28T05:37:00,False,regular,hinglish,
txn_8acd60b8c8,user_b08b4545,11499.54,upi,invoice_unpaid,receivable_overdue,0,2026-08-23T17:35:00,False,regular,en,3.8
txn_fa38d4f41d,user_f0a21187,1424.09,mandate,insufficient_funds,payment_failure,0,2026-09-02T13:59:00,False,regular,en,
txn_e73c83a8b9,user_4dde4ad1,2848.61,upi,bank_decline,payment_failure,0,2026-08-30T11:31:00,False,regular,hinglish,
txn_4dd6154ec3,user_e45a1ea9,57100.63,upi,bank_decline,payment_failure,0,2026-08-28T13:49:00,False,high_value,hinglish,
txn_91a6faced7,user_9eb27aff,450.0,mandate,bank_decline,payment_failure,2,2026-08-31T09:49:00,False,regular,hinglish,
txn_1354171409,user_eb592db4,14771.55,netbanking,invoice_unpaid,receivable_overdue,0,2026-08-27T05:46:00,False,regular,hinglish,10.8
txn_b366d3fcf1,user_7c864886,1316.16,upi,insufficient_funds,payment_failure,0,2026-08-23T07:33:00,False,regular,hinglish,
txn_4592f2667d,user_1efba5fc,1104.0,card,card_expired,payment_failure,0,2026-08-29T18:50:00,False,regular,hinglish,
txn_8f65b0e1d5,user_64145665,391.5,card,insufficient_funds,payment_failure,1,2026-09-03T01:41:00,True,regular,hinglish,
txn_936e1ae0f9,user_182406ba,1436.47,card,bank_decline,payment_failure,0,2026-08-27T18:10:00,False,regular,hinglish,
txn_31c9de1173,user_1efba5fc,5068.53,netbanking,gateway_timeout,checkout_abandon,0,2026-08-28T17:14:00,False,high_value,hinglish,
txn_4661a93fa9,user_fdf6b825,62730.61,upi,invoice_unpaid,receivable_overdue,2,2026-08-28T03:08:00,False,high_value,en,3.0
txn_18fd1d3537,user_f08a6b15,2401.4,upi,user_dropped,checkout_abandon,0,2026-08-27T16:42:00,False,regular,hinglish,
txn_2be0475e22,user_47995855,8665.99,card,issuer_timeout,payment_failure,0,2026-08-30T11:10:00,False,high_value,en,
txn_6623fa376e,user_3b8058aa,20608.16,upi,insufficient_funds,payment_failure,0,2026-08-24T06:59:00,False,high_value,hinglish,
txn_6a621d3146,user_06449263,1455.64,card,card_expired,payment_failure,0,2026-09-02T04:54:00,False,regular,hinglish,
txn_917e8c0494,user_adf6661c,930.42,card,issuer_timeout,payment_failure,0,2026-09-03T13:55:00,False,regular,en,
txn_cc46faa61a,user_9fcf65ee,1878.97,netbanking,bank_decline,payment_failure,0,2026-08-27T21:52:00,False,regular,en,
txn_c3d87c997c,user_c1f72194,2506.89,netbanking,user_dropped,checkout_abandon,1,2026-09-02T01:13:00,False,regular,hinglish,
txn_53dfb3bdef,user_6ecb31dd,2402.61,card,bank_decline,payment_failure,0,2026-09-04T15:31:00,False,regular,hinglish,
txn_d1d37e454c,user_33a553dc,2109.13,netbanking,otp_timeout,checkout_abandon,0,2026-08-23T09:10:00,False,regular,hinglish,
txn_6ecb1e424c,user_38c31ddb,31874.85,netbanking,invoice_unpaid,receivable_overdue,0,2026-09-05T09:34:00,False,regular,hinglish,1.9
txn_3f15492923,user_7909f7f4,610.41,upi,insufficient_funds,payment_failure,0,2026-08-24T23:11:00,False,regular,en,
txn_f01bd111d0,user_9a3af46c,5909.59,upi,bank_decline,payment_failure,0,2026-08-28T04:47:00,False,high_value,en,
txn_9132a97d98,user_fdf6b825,400.55,mandate,insufficient_funds,payment_failure,0,2026-09-01T21:22:00,False,regular,hinglish,
txn_b7e7f36be9,user_3b8058aa,1242.49,upi,insufficient_funds,payment_failure,0,2026-09-04T01:02:00,False,regular,en,
txn_88c727e1f9,user_8acff317,1022.5,upi,user_dropped,checkout_abandon,1,2026-08-26T08:58:00,False,regular,en,
txn_4096fc6e50,user_f21c08ca,1478.63,mandate,insufficient_funds,payment_failure,0,2026-08-26T18:13:00,False,regular,hinglish,
txn_d283b61b48,user_f0cc4162,978.6,netbanking,gateway_timeout,checkout_abandon,2,2026-08-31T17:56:00,False,regular,hinglish,
txn_9a8e3a02ad,user_85933f27,180546.7,upi,invoice_unpaid,receivable_overdue,0,2026-09-05T04:49:00,False,high_value,en,22.8
txn_4cdc8444fa,user_b895504a,511.5,card,bank_decline,payment_failure,0,2026-08-22T15:08:00,False,regular,en,
txn_d2158c594d,user_a1ae9802,1235.42,card,user_dropped,checkout_abandon,0,2026-08-23T07:41:00,True,regular,en,
txn_be5283beb8,user_d1f8d410,1305.89,mandate,mandate_lapsed,subscription_failure,0,2026-09-01T01:45:00,False,regular,en,
txn_4d1dad0121,user_971a1945,422.05,upi,user_dropped,checkout_abandon,0,2026-08-26T22:19:00,False,regular,hinglish,
txn_e7afb8e382,user_1b9bf106,13105.3,upi,invoice_unpaid,receivable_overdue,0,2026-09-01T04:12:00,False,regular,hinglish,24.6
txn_4373b0cacd,user_73414630,11087.83,mandate,mandate_lapsed,subscription_failure,0,2026-09-01T03:40:00,False,high_value,hinglish,
txn_6ceb32e509,user_21fc7a39,5174.11,card,user_dropped,checkout_abandon,0,2026-08-27T14:21:00,True,regular,en,
txn_1e399857b3,user_eb592db4,1759.1,netbanking,issuer_timeout,payment_failure,2,2026-09-04T18:24:00,False,regular,en,
txn_627cf4c9ed,user_941204e8,623.54,upi,otp_timeout,checkout_abandon,0,2026-08-27T07:37:00,False,regular,hinglish,
txn_88472f0fd2,user_786e7185,10752.56,netbanking,bank_decline,payment_failure,0,2026-08-31T03:23:00,False,high_value,hinglish,
txn_a630a77cb0,user_2151ac0d,12305.53,upi,otp_timeout,checkout_abandon,0,2026-08-24T15:03:00,False,high_value,en,
txn_5ee092e6cb,user_ee1bd9db,2569.71,card,insufficient_funds,payment_failure,0,2026-08-25T11:00:00,False,regular,hinglish,
txn_d0753def0a,user_07924daf,334.6,upi,gateway_timeout,checkout_abandon,0,2026-08-27T11:06:00,False,regular,hinglish,
txn_b8063d802a,user_01c2da7c,1152.61,card,insufficient_funds,payment_failure,0,2026-08-28T08:07:00,False,regular,hinglish,
txn_372f71f59e,user_2aed298e,1508.18,upi,issuer_timeout,payment_failure,0,2026-08-30T13:59:00,False,regular,hinglish,
txn_b51b51c75b,user_cae08457,40745.81,upi,invoice_unpaid,receivable_overdue,0,2026-08-31T15:47:00,False,regular,hinglish,88.2
txn_090c6094d7,user_f5ecaad5,8230.14,card,bank_decline,payment_failure,2,2026-08-24T09:31:00,False,high_value,en,
txn_cd7f65abce,user_b08b4545,562.73,upi,issuer_timeout,payment_failure,0,2026-08-23T17:17:00,False,regular,hinglish,
txn_20eb34d0b3,user_4887d037,4598.34,card,issuer_timeout,payment_failure,0,2026-09-02T05:32:00,False,regular,en,
txn_da57a41a88,user_53bce5f6,19403.99,netbanking,invoice_unpaid,receivable_overdue,0,2026-08-31T10:53:00,False,regular,hinglish,12.5
txn_71c8d266df,user_e57e3b82,1445.54,card,bank_decline,payment_failure,0,2026-08-23T17:31:00,False,regular,hinglish,
txn_846845c808,user_3f7d32a4,649.89,mandate,issuer_timeout,payment_failure,0,2026-09-04T09:46:00,False,regular,hinglish,
txn_695c56163a,user_d49d26be,4376.21,upi,gateway_timeout,checkout_abandon,0,2026-08-29T14:21:00,True,high_value,hinglish,
txn_56b27fd091,user_491de5bb,2040.82,card,user_dropped,checkout_abandon,0,2026-09-03T13:55:00,False,regular,hinglish,
txn_63cedd4739,user_ac9dff76,1964.75,upi,issuer_timeout,payment_failure,0,2026-08-29T09:13:00,False,regular,en,
txn_dcd7b7c3a3,user_2632e607,1141.51,upi,user_dropped,checkout_abandon,0,2026-09-02T02:52:00,False,regular,hinglish,
txn_c31c799ee6,user_3f4b5106,23965.74,upi,invoice_unpaid,receivable_overdue,0,2026-08-25T07:15:00,True,regular,hinglish,71.7
txn_748c4764a8,user_1efba5fc,2567.81,mandate,mandate_lapsed,subscription_failure,0,2026-08-27T21:02:00,False,regular,hinglish,
txn_3f480e5694,user_af979cd4,6046.92,netbanking,invoice_unpaid,receivable_overdue,0,2026-08-26T09:35:00,False,regular,en,1.3
txn_c3f688704a,user_f3f26c34,25790.91,upi,invoice_unpaid,receivable_overdue,0,2026-08-22T20:57:00,False,regular,en,120
txn_ee1336785d,user_c11681c8,43461.18,upi,invoice_unpaid,receivable_overdue,0,2026-08-24T20:20:00,False,regular,hinglish,11.5
txn_740c7c86b8,user_17a3292a,12589.72,netbanking,invoice_unpaid,receivable_overdue,0,2026-08-29T11:03:00,False,regular,hinglish,20.8
txn_69e3ee5552,user_fe223a7b,24096.9,upi,invoice_unpaid,receivable_overdue,0,2026-09-03T00:15:00,False,regular,hinglish,99.4
txn_063d1097a3,user_03f06f6f,375.5,card,bank_decline,payment_failure,0,2026-09-05T10:09:00,False,regular,en,
txn_ef62a4a1db,user_af04b919,978.98,netbanking,gateway_timeout,checkout_abandon,0,2026-08-27T03:21:00,False,regular,hinglish,
txn_fefda2a5f6,user_c0c2b7d1,9647.17,upi,insufficient_funds,payment_failure,0,2026-08-27T09:44:00,False,high_value,hinglish,
txn_9afa481ac7,user_57ee2629,11831.28,netbanking,invoice_unpaid,receivable_overdue,0,2026-08-31T16:21:00,False,regular,en,34.9
txn_5651d8743d,user_7d4103ea,175.64,netbanking,insufficient_funds,payment_failure,0,2026-08-25T15:27:00,False,regular,en,
txn_d380bf9c3b,user_c4732d2c,11931.02,netbanking,invoice_unpaid,receivable_overdue,0,2026-09-04T07:54:00,False,regular,hinglish,40.8
txn_167f03ed65,user_3b8058aa,1527.65,card,otp_timeout,checkout_abandon,0,2026-08-27T17:34:00,False,regular,en,
txn_9fe2b038bd,user_6962f6d3,2453.9,card,insufficient_funds,payment_failure,0,2026-08-29T16:38:00,False,regular,hinglish,
txn_c00e7d6706,user_068f28ab,1744.28,upi,bank_decline,payment_failure,0,2026-08-26T21:18:00,False,regular,hinglish,
txn_aff79c7ff5,user_64145665,1494.19,upi,insufficient_funds,payment_failure,0,2026-08-31T12:16:00,False,regular,en,
txn_a56f46817a,user_1b9bf106,9446.51,upi,user_dropped,checkout_abandon,0,2026-09-02T12:25:00,False,high_value,hinglish,
txn_cd1cb2afb7,user_055d331c,1629.77,mandate,insufficient_funds,payment_failure,1,2026-08-31T20:46:00,False,regular,en,
txn_9dd07a863a,user_7571420d,2408.77,netbanking,user_dropped,checkout_abandon,1,2026-08-24T17:41:00,False,regular,en,
txn_8bd740683b,user_fd3775d1,853.0,upi,insufficient_funds,payment_failure,0,2026-08-31T00:26:00,False,regular,hinglish,
txn_ad09f8ff35,user_86514783,53833.65,netbanking,invoice_unpaid,receivable_overdue,0,2026-08-31T20:03:00,False,high_value,hinglish,10.5
txn_62758d99b0,user_19f347ba,920.66,card,bank_decline,payment_failure,0,2026-08-28T00:47:00,False,regular,en,
txn_8cc9b94ea8,user_9ed3fda7,16859.26,mandate,user_dropped,checkout_abandon,0,2026-08-30T20:34:00,False,high_value,en,
txn_eec4f88121,user_c684dea6,667.64,upi,bank_decline,payment_failure,0,2026-08-26T20:12:00,False,regular,en,
txn_403dac0e66,user_7d9ed60b,1283.74,card,issuer_timeout,payment_failure,0,2026-09-03T04:57:00,False,regular,hinglish,
txn_cc162fd97b,user_16d41a97,4969.68,upi,invoice_unpaid,receivable_overdue,0,2026-08-23T01:13:00,False,regular,en,80.4
txn_dee993a8e2,user_667d8850,1662.27,netbanking,insufficient_funds,payment_failure,0,2026-08-24T20:53:00,False,regular,hinglish,
txn_ad3f0549e0,user_f261ec0a,10522.79,netbanking,invoice_unpaid,receivable_overdue,0,2026-08-27T10:49:00,False,regular,hinglish,28.5
txn_dc1b380977,user_9c70ef6b,1180.25,netbanking,otp_timeout,checkout_abandon,0,2026-08-24T07:30:00,False,regular,hinglish,
txn_0c1dd2c9b8,user_a7aced40,1745.45,mandate,mandate_lapsed,subscription_failure,0,2026-08-24T19:47:00,False,regular,en,
txn_7009df3bc2,user_667d8850,143205.57,netbanking,invoice_unpaid,receivable_overdue,0,2026-09-01T08:58:00,False,high_value,hinglish,9.0
txn_675d5f793b,user_179d1bc8,775.95,mandate,otp_timeout,checkout_abandon,0,2026-08-31T02:18:00,False,regular,hinglish,
txn_147e8758a7,user_ed50ed67,1296.99,mandate,issuer_timeout,payment_failure,1,2026-08-25T20:44:00,False,regular,hinglish,
txn_937a2a624c,user_1dee8318,1275.68,upi,insufficient_funds,payment_failure,0,2026-09-05T03:04:00,True,regular,en,
txn_a4f7fe41b2,user_16d41a97,1040.79,card,card_expired,payment_failure,0,2026-09-02T03:58:00,False,regular,en,
txn_032bf60560,user_71dcb5a9,32649.47,upi,invoice_unpaid,receivable_overdue,0,2026-08-25T07:12:00,False,regular,hinglish,38.3
txn_a7cbd7409f,user_bb50ec48,877.97,mandate,insufficient_funds,payment_failure,1,2026-08-29T08:33:00,False,regular,en,
txn_c1b9fcc14d,user_7c864886,45297.12,upi,invoice_unpaid,receivable_overdue,1,2026-08-24T07:33:00,False,regular,hinglish,120
txn_8a866a0cd1,user_8e803ffb,1270.11,card,bank_decline,payment_failure,0,2026-08-25T15:02:00,False,regular,en,
txn_5f82d0dc51,user_2f14eac4,1074.08,mandate,user_dropped,checkout_abandon,0,2026-08-29T22:05:00,False,regular,en,
txn_6a47d5fc69,user_a97f84cb,9097.55,mandate,mandate_lapsed,subscription_failure,0,2026-09-03T19:51:00,False,high_value,en,
txn_dacd579a40,user_49f4970e,1141.88,card,insufficient_funds,payment_failure,0,2026-08-29T00:47:00,False,regular,en,
txn_b95f899f1b,user_656fee72,2122.61,mandate,mandate_lapsed,subscription_failure,0,2026-08-25T16:15:00,False,regular,hinglish,
txn_a90d3479f5,user_af04b919,1137.27,upi,bank_decline,payment_failure,0,2026-08-31T19:37:00,False,regular,en,
txn_17775c8d6a,user_7c864886,1724.63,netbanking,gateway_timeout,checkout_abandon,0,2026-09-02T11:59:00,False,regular,hinglish,
txn_4e5c88b413,user_1510920c,12010.58,upi,invoice_unpaid,receivable_overdue,0,2026-08-26T03:40:00,False,regular,hinglish,38.8
txn_c7174c067b,user_f706a691,780.02,card,card_expired,payment_failure,0,2026-08-29T23:32:00,False,regular,en,
txn_f48f9d53d3,user_2f14eac4,2955.91,upi,issuer_timeout,payment_failure,0,2026-09-03T16:50:00,False,regular,hinglish,
txn_78c2a3c743,user_ccc6dd38,1283.87,upi,bank_decline,payment_failure,1,2026-08-29T16:49:00,False,regular,hinglish,
txn_19eb349b3a,user_2632e607,1003.41,netbanking,issuer_timeout,payment_failure,0,2026-08-25T23:22:00,False,regular,hinglish,
txn_d4654ca888,user_c1f72194,9127.7,netbanking,user_dropped,checkout_abandon,0,2026-09-05T04:29:00,False,high_value,en,
txn_abfb189cfb,user_a7aced40,718.53,mandate,mandate_lapsed,subscription_failure,0,2026-08-31T03:53:00,False,regular,hinglish,
txn_e788f0928e,user_e45a1ea9,1477.16,mandate,insufficient_funds,payment_failure,0,2026-08-27T06:36:00,False,regular,hinglish,
txn_879f4c5840,user_fe223a7b,1188.74,card,insufficient_funds,payment_failure,0,2026-09-01T02:40:00,False,regular,hinglish,
txn_3e173bb419,user_7909f7f4,662.63,upi,insufficient_funds,payment_failure,0,2026-09-03T14:59:00,False,regular,hinglish,
txn_1c0aff0b6f,user_170fcf5a,787.21,card,user_dropped,checkout_abandon,1,2026-08-24T03:46:00,False,regular,en,
txn_ebf19ffb12,user_b66f7f99,10478.37,upi,user_dropped,checkout_abandon,0,2026-09-02T20:54:00,False,high_value,hinglish,
txn_22240f3903,user_7c864886,5223.76,card,card_expired,payment_failure,0,2026-08-23T18:44:00,False,high_value,hinglish,
txn_be2472dfcd,user_e45a1ea9,1385.92,upi,gateway_timeout,checkout_abandon,0,2026-09-04T10:47:00,False,regular,en,
txn_2b26628a1d,user_47995855,29492.78,upi,invoice_unpaid,receivable_overdue,0,2026-08-24T06:51:00,False,regular,hinglish,99.2
txn_8b65bb90b3,user_eb592db4,10596.31,mandate,mandate_lapsed,subscription_failure,0,2026-08-27T10:27:00,False,high_value,hinglish,
txn_e0e1482344,user_708452f8,20997.29,upi,issuer_timeout,payment_failure,0,2026-08-29T04:53:00,False,high_value,hinglish,
txn_6697ea4988,user_5c852a3c,1073.57,upi,gateway_timeout,checkout_abandon,0,2026-08-27T13:51:00,False,regular,hinglish,
txn_1407fd5961,user_6b4e51bc,576.01,netbanking,insufficient_funds,payment_failure,2,2026-08-31T04:50:00,False,regular,hinglish,
txn_8dc63c9dc6,user_fdf6b825,38191.29,netbanking,invoice_unpaid,receivable_overdue,0,2026-09-01T21:20:00,False,regular,hinglish,24.6
txn_4ebe56d8cf,user_70ec64db,108837.78,netbanking,invoice_unpaid,receivable_overdue,1,2026-09-02T08:13:00,False,high_value,en,59.6
txn_cc19277a6c,user_c862a36e,10402.76,netbanking,invoice_unpaid,receivable_overdue,0,2026-08-24T20:02:00,False,regular,en,34.4
txn_2d0b865682,user_1d356661,1591.78,upi,insufficient_funds,payment_failure,0,2026-08-25T01:57:00,False,regular,en,
txn_2a84923c68,user_cae69196,863.71,card,card_expired,payment_failure,0,2026-09-01T23:26:00,False,regular,en,
txn_d755105878,user_a7aced40,948.93,mandate,mandate_lapsed,subscription_failure,0,2026-08-25T06:36:00,False,regular,hinglish,
txn_a9af7baa80,user_01c2da7c,424.21,netbanking,issuer_timeout,payment_failure,0,2026-08-26T21:23:00,False,regular,hinglish,
txn_c03458a19a,user_c36df009,3264.67,netbanking,insufficient_funds,payment_failure,0,2026-08-29T02:40:00,False,regular,hinglish,
txn_70729b02bd,user_53bce5f6,6191.84,netbanking,gateway_timeout,checkout_abandon,0,2026-09-05T09:05:00,False,regular,en,
txn_385ceeaf3d,user_ed50ed67,1065.0,mandate,bank_decline,payment_failure,0,2026-08-31T20:04:00,False,regular,hinglish,
txn_d55f4814e4,user_72655cf1,1321.84,mandate,mandate_lapsed,subscription_failure,0,2026-08-22T18:57:00,False,regular,en,
txn_25ac03bcee,user_5a4b8b52,2782.65,mandate,mandate_lapsed,subscription_failure,0,2026-08-25T09:35:00,False,regular,en,
txn_4b25efed87,user_170fcf5a,1833.27,card,gateway_timeout,checkout_abandon,0,2026-08-27T18:45:00,False,regular,en,
txn_bdfd6a6708,user_6962f6d3,924.89,upi,gateway_timeout,checkout_abandon,0,2026-08-27T03:31:00,False,regular,en,
txn_0e6a9503cf,user_9ed3fda7,35982.07,netbanking,invoice_unpaid,receivable_overdue,1,2026-09-02T19:52:00,False,regular,en,3.7
txn_1806c618a3,user_7d4103ea,1259.16,mandate,user_dropped,checkout_abandon,0,2026-09-03T08:54:00,False,regular,hinglish,
txn_829bcaa2aa,user_e1d33e95,1351.12,mandate,mandate_lapsed,subscription_failure,0,2026-09-04T09:53:00,False,regular,hinglish,
txn_d00fc04f1f,user_c4732d2c,127938.84,netbanking,invoice_unpaid,receivable_overdue,0,2026-09-05T07:33:00,False,high_value,hinglish,60.1
txn_ad29f26dff,user_653f0035,963.82,card,card_expired,payment_failure,0,2026-09-02T09:49:00,False,regular,hinglish,
txn_f777c25ace,user_1ad4ef18,938.99,mandate,issuer_timeout,payment_failure,0,2026-08-28T21:59:00,False,regular,hinglish,
txn_5b12848045,user_c36df009,728.25,mandate,mandate_lapsed,subscription_failure,0,2026-08-29T04:05:00,False,regular,en,
txn_bf84538360,user_b5073504,714.5,mandate,mandate_lapsed,subscription_failure,0,2026-08-23T02:43:00,False,regular,hinglish,
txn_baa800491d,user_a4c0f050,1000.08,card,card_expired,payment_failure,0,2026-08-30T12:55:00,False,regular,en,
txn_19d418f717,user_9eb27aff,994.94,card,bank_decline,payment_failure,0,2026-08-22T14:57:00,False,regular,hinglish,
txn_93c96c02bc,user_e191ab9f,50569.92,netbanking,invoice_unpaid,receivable_overdue,0,2026-08-28T01:53:00,False,regular,en,48.9
txn_8e8536cf63,user_b2dbb061,2619.77,mandate,mandate_lapsed,subscription_failure,0,2026-08-27T11:43:00,False,regular,en,
txn_6929db178d,user_c862a36e,2337.99,card,user_dropped,checkout_abandon,0,2026-09-01T20:20:00,False,regular,hinglish,
txn_1edb77beb0,user_522a8734,516.99,upi,insufficient_funds,payment_failure,0,2026-09-04T01:38:00,False,regular,hinglish,
txn_056c5ab908,user_4d027114,1538.61,card,otp_timeout,checkout_abandon,0,2026-09-02T20:29:00,False,regular,hinglish,
txn_91528dca09,user_e93a700c,120561.01,netbanking,invoice_unpaid,receivable_overdue,0,2026-08-24T13:06:00,False,high_value,en,52.3
txn_8729d26246,user_5210098e,539.86,upi,bank_decline,payment_failure,0,2026-08-31T20:12:00,False,regular,hinglish,
txn_6ef6ced249,user_b895504a,606.52,card,user_dropped,checkout_abandon,0,2026-08-27T22:50:00,False,regular,en,
txn_dace50e9c8,user_4db9d7d0,1392.58,upi,gateway_timeout,checkout_abandon,0,2026-08-24T00:35:00,False,regular,en,
txn_99e0d48e02,user_af979cd4,2295.09,upi,bank_decline,payment_failure,0,2026-09-03T20:52:00,False,regular,hinglish,
txn_64cf72d505,user_a765e6eb,2214.38,mandate,user_dropped,checkout_abandon,2,2026-08-29T00:35:00,True,regular,en,
txn_03dfc5a2f4,user_af979cd4,28463.46,netbanking,invoice_unpaid,receivable_overdue,0,2026-09-01T06:49:00,False,regular,en,29.6
txn_4863eea9d9,user_d19c0970,2369.09,upi,otp_timeout,checkout_abandon,0,2026-08-22T19:58:00,False,regular,en,
txn_9ce4ce7fad,user_1ccec592,3842.21,netbanking,bank_decline,payment_failure,0,2026-08-25T22:26:00,False,regular,hinglish,
txn_b966d2f366,user_70b4f6a2,6043.96,netbanking,bank_decline,payment_failure,0,2026-09-04T23:07:00,False,regular,hinglish,
txn_ce4825dbaf,user_39c8fdaf,1366.43,card,otp_timeout,checkout_abandon,0,2026-09-01T23:54:00,False,regular,hinglish,
txn_dc216a92ef,user_170fcf5a,999.47,card,otp_timeout,checkout_abandon,0,2026-08-29T17:02:00,False,regular,en,
txn_af950e4fd5,user_b2dbb061,12013.3,upi,invoice_unpaid,receivable_overdue,0,2026-08-27T22:56:00,True,regular,en,10.8
txn_82b7ec8cca,user_7909f7f4,2050.9,card,card_expired,payment_failure,0,2026-09-03T02:35:00,False,regular,hinglish,
txn_99f2a93be2,user_0577743d,16348.86,netbanking,insufficient_funds,payment_failure,0,2026-08-22T12:57:00,False,high_value,hinglish,
txn_014a0b3b27,user_9b70cd54,737.33,netbanking,insufficient_funds,payment_failure,0,2026-08-25T00:01:00,False,regular,hinglish,
txn_25204e0817,user_1ccec592,8003.64,netbanking,invoice_unpaid,receivable_overdue,0,2026-08-30T11:43:00,False,regular,en,62.2
txn_11d6ef98ea,user_b895504a,4591.83,netbanking,user_dropped,checkout_abandon,0,2026-08-30T22:59:00,False,regular,en,
txn_81ad0f70ff,user_37b59690,535.56,upi,gateway_timeout,checkout_abandon,0,2026-09-04T10:42:00,False,regular,en,
txn_d78cadcd68,user_7d4103ea,3240.59,card,card_expired,payment_failure,0,2026-08-24T10:29:00,False,regular,hinglish,
txn_086e1a5bc1,user_c0d0fcd5,692.3,upi,otp_timeout,checkout_abandon,2,2026-08-24T20:00:00,False,regular,hinglish,
txn_7b1d23ac1a,user_17a3292a,875.17,netbanking,gateway_timeout,checkout_abandon,0,2026-08-29T07:42:00,False,regular,en,
txn_c7bc5fc035,user_70b4f6a2,732.03,mandate,insufficient_funds,payment_failure,0,2026-09-02T01:26:00,False,regular,en,
txn_63df81b093,user_17a3292a,513.29,mandate,mandate_lapsed,subscription_failure,0,2026-08-23T08:01:00,False,regular,hinglish,
txn_71baa4ef9f,user_a1ae9802,3471.33,upi,bank_decline,payment_failure,0,2026-08-31T12:23:00,False,regular,hinglish,
txn_8710cbfd8f,user_57ee2629,205727.48,netbanking,invoice_unpaid,receivable_overdue,0,2026-08-25T07:05:00,False,high_value,en,37.6
txn_37e53addd6,user_b66f7f99,820.73,card,card_expired,payment_failure,0,2026-08-26T11:02:00,False,regular,hinglish,
txn_08845a0fe5,user_5210098e,572.97,mandate,insufficient_funds,payment_failure,0,2026-09-03T22:57:00,False,regular,hinglish,
txn_07a4d2cbf6,user_1cba530c,10461.91,card,card_expired,payment_failure,0,2026-09-03T22:01:00,False,high_value,hinglish,
txn_0988b1b140,user_dd17a97a,1027.43,mandate,user_dropped,checkout_abandon,0,2026-08-27T18:14:00,False,regular,hinglish,
txn_e18aa19fb1,user_21fc7a39,1601.97,netbanking,insufficient_funds,payment_failure,0,2026-08-23T03:36:00,True,regular,en,
txn_8ad09a5aea,user_3f954e05,418.43,card,bank_decline,payment_failure,0,2026-08-29T15:49:00,False,regular,hinglish,
txn_9a00dfe860,user_57c12b45,2236.43,card,user_dropped,checkout_abandon,1,2026-08-26T17:47:00,False,regular,hinglish,
txn_9317ce43e9,user_9b70cd54,12022.32,upi,user_dropped,checkout_abandon,0,2026-08-27T08:29:00,False,high_value,hinglish,
txn_c5fb95297d,user_182406ba,11602.12,card,gateway_timeout,checkout_abandon,0,2026-08-23T23:56:00,False,high_value,en,
txn_bc8812825c,user_c0d0fcd5,531.35,upi,issuer_timeout,payment_failure,0,2026-08-25T09:45:00,True,regular,hinglish,
txn_e3d7cacb52,user_a97f84cb,46135.7,netbanking,invoice_unpaid,receivable_overdue,0,2026-08-31T04:19:00,False,regular,en,16.5
txn_d13f70f74a,user_dc34a187,78486.41,upi,invoice_unpaid,receivable_overdue,0,2026-08-29T03:55:00,True,high_value,hinglish,32.6
txn_650fdb6ea9,user_73414630,2184.17,mandate,issuer_timeout,payment_failure,0,2026-08-30T22:10:00,False,regular,en,
txn_bdf69c97cb,user_bb50ec48,1382.32,card,card_expired,payment_failure,0,2026-09-02T20:24:00,False,regular,hinglish,
txn_acc5204755,user_9b70cd54,1794.18,card,issuer_timeout,payment_failure,0,2026-08-30T00:04:00,False,regular,en,
txn_bd57998840,user_a765e6eb,13030.32,mandate,mandate_lapsed,subscription_failure,0,2026-08-28T19:51:00,True,high_value,en,
txn_82200ed117,user_6c0549ae,1870.0,upi,bank_decline,payment_failure,1,2026-08-28T05:44:00,False,regular,hinglish,
txn_b6d91d743b,user_b3ab01df,5406.39,netbanking,insufficient_funds,payment_failure,1,2026-09-02T18:49:00,False,high_value,en,
txn_904ee63637,user_35a48591,22899.85,netbanking,invoice_unpaid,receivable_overdue,0,2026-09-01T12:38:00,False,regular,en,39.6
txn_f1fa3d6917,user_4a6ff3a4,944.59,netbanking,issuer_timeout,payment_failure,0,2026-08-26T00:29:00,False,regular,en,
txn_135c579ecb,user_a565dae2,2175.41,upi,otp_timeout,checkout_abandon,1,2026-09-01T06:35:00,False,regular,hinglish,
txn_0b6b844cd4,user_9fe2b6e8,585.1,upi,issuer_timeout,payment_failure,0,2026-08-29T01:47:00,False,regular,en,
txn_3ee47a1270,user_c36df009,422.2,mandate,mandate_lapsed,subscription_failure,0,2026-08-23T07:17:00,False,regular,hinglish,
txn_98d91037b5,user_adf6661c,1689.45,upi,bank_decline,payment_failure,2,2026-08-23T14:54:00,False,regular,hinglish,
txn_c5cfbd35f3,user_85933f27,1247.82,netbanking,insufficient_funds,payment_failure,0,2026-08-25T14:14:00,False,regular,en,
txn_cc52cfc213,user_b77fcce2,700.89,netbanking,insufficient_funds,payment_failure,0,2026-08-23T03:12:00,False,regular,hinglish,
txn_16575c20f2,user_02b902a0,1679.52,card,card_expired,payment_failure,0,2026-08-25T21:26:00,False,regular,en,
txn_678a7c2816,user_b77fcce2,1145.53,card,insufficient_funds,payment_failure,0,2026-08-23T17:58:00,False,regular,hinglish,
txn_cdabd9267c,user_72655cf1,1209.91,mandate,otp_timeout,checkout_abandon,0,2026-08-29T18:39:00,False,regular,hinglish,
txn_6dd2b56468,user_661b6225,1851.34,mandate,mandate_lapsed,subscription_failure,0,2026-08-23T19:21:00,False,regular,hinglish,
txn_3fa7f40d33,user_3f954e05,10928.5,netbanking,invoice_unpaid,receivable_overdue,0,2026-09-02T07:12:00,False,regular,hinglish,40.3
txn_f596d8922c,user_1ad4ef18,969.71,upi,insufficient_funds,payment_failure,2,2026-08-30T19:14:00,False,regular,en,
txn_2af222cc93,user_99bfd5bb,2145.45,upi,otp_timeout,checkout_abandon,0,2026-08-24T02:47:00,False,regular,hinglish,
txn_80fc8cec23,user_2f14eac4,2247.0,upi,otp_timeout,checkout_abandon,0,2026-08-24T21:05:00,False,regular,hinglish,
txn_ef41ebbb41,user_a765e6eb,1622.49,upi,gateway_timeout,checkout_abandon,0,2026-09-02T15:38:00,False,regular,hinglish,
txn_f77c12dc7b,user_9b70cd54,603.51,netbanking,user_dropped,checkout_abandon,0,2026-08-24T21:51:00,False,regular,hinglish,
txn_56953f8eb8,user_96db9721,8349.79,mandate,otp_timeout,checkout_abandon,0,2026-08-28T05:50:00,False,regular,hinglish,
txn_974dacc998,user_fd3775d1,3858.39,mandate,mandate_lapsed,subscription_failure,0,2026-08-30T16:29:00,False,regular,hinglish,
txn_3cdf3a9d9a,user_3f954e05,4034.8,upi,otp_timeout,checkout_abandon,0,2026-08-28T10:33:00,False,regular,hinglish,
txn_fd1711f2e4,user_f0773745,2175.32,upi,bank_decline,payment_failure,0,2026-08-23T01:17:00,False,regular,hinglish,
txn_1fef1ea924,user_b9c5f41a,832.02,mandate,mandate_lapsed,subscription_failure,0,2026-08-24T00:15:00,False,regular,hinglish,
txn_fb3dda752c,user_1510920c,268.32,upi,insufficient_funds,payment_failure,0,2026-08-25T19:13:00,False,regular,hinglish,
txn_b6aa031907,user_1ad86794,4247.21,mandate,otp_timeout,checkout_abandon,0,2026-09-03T20:34:00,False,high_value,hinglish,
txn_886c8a2615,user_dfdaefff,2347.26,card,bank_decline,payment_failure,0,2026-08-26T16:23:00,False,regular,hinglish,
txn_44849f7ca6,user_1cba530c,21121.24,netbanking,invoice_unpaid,receivable_overdue,0,2026-08-30T00:39:00,False,regular,hinglish,17.8
txn_d712a77e37,user_55374986,21191.4,netbanking,invoice_unpaid,receivable_overdue,0,2026-08-29T00:20:00,False,regular,hinglish,18.4
txn_58aa97e349,user_a765e6eb,6950.2,upi,bank_decline,payment_failure,0,2026-08-29T14:13:00,False,high_value,en,
txn_e5a3643dee,user_57ee2629,3485.5,mandate,mandate_lapsed,subscription_failure,0,2026-08-29T07:42:00,False,high_value,en,
txn_8127e8b65c,user_a565dae2,2412.52,upi,bank_decline,payment_failure,0,2026-08-27T15:48:00,False,high_value,hinglish,
txn_7e193b033c,user_c0e8d8d6,2031.15,mandate,mandate_lapsed,subscription_failure,0,2026-09-04T04:01:00,False,regular,en,
txn_03d10df96e,user_971a1945,980.82,upi,otp_timeout,checkout_abandon,1,2026-08-27T12:50:00,False,regular,en,
txn_4c4ec78ccd,user_b1e66967,4181.87,card,insufficient_funds,payment_failure,0,2026-08-28T23:35:00,True,regular,en,
txn_5ab4262386,user_5a6e5746,7776.27,card,card_expired,payment_failure,0,2026-09-01T13:28:00,False,regular,en,
txn_be373dc7b4,user_c0d0fcd5,2686.81,netbanking,issuer_timeout,payment_failure,2,2026-08-24T08:09:00,False,regular,hinglish,
txn_6490fd1534,user_38f13b1f,26214.21,netbanking,invoice_unpaid,receivable_overdue,0,2026-08-31T05:51:00,False,regular,en,8.0
txn_1a66b89bf2,user_d93d698b,358.87,mandate,insufficient_funds,payment_failure,0,2026-09-02T21:28:00,False,regular,en,
txn_432b1534da,user_ac9dff76,307.18,card,issuer_timeout,payment_failure,0,2026-09-02T17:01:00,False,regular,en,
txn_9f64d4424e,user_f08a6b15,5544.07,netbanking,gateway_timeout,checkout_abandon,0,2026-09-05T10:15:00,False,regular,hinglish,
txn_8e30c8d4e1,user_82af5b90,6879.55,netbanking,insufficient_funds,payment_failure,0,2026-09-01T17:06:00,False,regular,en,
txn_4ca97a8b43,user_34b9aa8d,1067.17,upi,issuer_timeout,payment_failure,0,2026-08-27T08:27:00,False,regular,en,
txn_7b97b6ba65,user_7636defd,452.7,upi,otp_timeout,checkout_abandon,0,2026-09-01T22:20:00,False,regular,hinglish,
txn_5963f2718e,user_b77fcce2,1517.79,mandate,issuer_timeout,payment_failure,0,2026-09-02T12:47:00,False,regular,hinglish,
txn_7f97865356,user_fba4e0f9,710.08,netbanking,issuer_timeout,payment_failure,0,2026-08-23T21:14:00,False,regular,hinglish,
txn_b03e6c7f1a,user_f706a691,2940.75,card,user_dropped,checkout_abandon,1,2026-09-03T16:00:00,False,regular,en,
txn_0467951d57,user_971a1945,432.1,upi,otp_timeout,checkout_abandon,1,2026-09-03T02:58:00,True,regular,en,
txn_ee875bfc1b,user_6e551e34,1933.39,upi,bank_decline,payment_failure,0,2026-08-31T16:50:00,False,regular,hinglish,
txn_bb3267bd54,user_6692c617,3301.67,card,card_expired,payment_failure,0,2026-09-03T17:57:00,False,high_value,hinglish,
txn_558345f628,user_eb592db4,1206.81,upi,insufficient_funds,payment_failure,0,2026-08-27T09:05:00,False,regular,hinglish,
txn_7e59f84350,user_b3ab01df,16095.04,netbanking,invoice_unpaid,receivable_overdue,2,2026-09-04T04:56:00,False,regular,en,38.1
txn_49fa42bbfb,user_9eb27aff,2872.2,card,otp_timeout,checkout_abandon,0,2026-09-01T09:19:00,False,regular,en,
txn_312f478f3a,user_b9f29d1f,1305.74,upi,gateway_timeout,checkout_abandon,0,2026-08-26T05:07:00,False,regular,en,
txn_4bebf26af9,user_667d8850,634.44,upi,otp_timeout,checkout_abandon,1,2026-08-30T10:47:00,False,regular,hinglish,
txn_a7f7d99340,user_adf6661c,1645.42,card,bank_decline,payment_failure,1,2026-08-29T04:22:00,False,regular,en,
txn_67c6408a7f,user_c4732d2c,810.44,upi,insufficient_funds,payment_failure,1,2026-08-31T11:03:00,False,regular,hinglish,
txn_652219336c,user_b66f7f99,14589.3,netbanking,invoice_unpaid,receivable_overdue,0,2026-08-25T16:57:00,False,regular,hinglish,26.8
txn_ccaa8c3143,user_2aed298e,2740.23,mandate,insufficient_funds,payment_failure,0,2026-09-03T21:05:00,False,regular,hinglish,
txn_84c17246eb,user_f0a21187,35545.36,netbanking,invoice_unpaid,receivable_overdue,0,2026-08-29T06:22:00,False,regular,hinglish,120
txn_cc0d6ec15f,user_a3638101,39014.98,netbanking,invoice_unpaid,receivable_overdue,0,2026-08-24T22:51:00,False,regular,en,3.4
txn_caf04c9c0b,user_dc34a187,29938.27,netbanking,invoice_unpaid,receivable_overdue,0,2026-09-02T12:52:00,False,regular,hinglish,60.1
txn_6585681168,user_f0cc4162,7167.43,card,card_expired,payment_failure,0,2026-08-27T18:12:00,False,high_value,en,
txn_fcc0d5f6db,user_b2dbb061,2589.35,mandate,user_dropped,checkout_abandon,0,2026-08-25T20:28:00,False,regular,en,
txn_38411526d4,user_e191ab9f,176.73,upi,user_dropped,checkout_abandon,0,2026-09-05T01:02:00,False,regular,hinglish,
txn_c264f5e096,user_1064810a,514.67,card,bank_decline,payment_failure,0,2026-09-04T16:17:00,False,regular,en,
txn_6b799c1f7e,user_c862a36e,71328.41,netbanking,invoice_unpaid,receivable_overdue,0,2026-08-29T15:40:00,False,high_value,hinglish,68.0
txn_e3d2e1e897,user_4db9d7d0,399.95,upi,otp_timeout,checkout_abandon,0,2026-08-27T22:29:00,False,regular,en,
txn_bfbaa0914a,user_9a3af46c,1807.96,mandate,issuer_timeout,payment_failure,0,2026-09-02T07:38:00,False,regular,hinglish,
